nomina,experiencia,disciplina,empatia,liderazgo,seguridad,habilidad_tecnologica,habilidad_pedagogica,vocacion,relaciones_inter,curiosidad,paciencia,normal_D,normal_I,normal_S,normal_C,motivacion_D,motivacion_I,motivacion_S,motivacion_C,presion_D,presion_I,presion_S,presion_C,Decision
800300,bajo,medio_alto,alto,bajo,medio_alto,medio_alto,medio_alto,medio_bajo,alto,medio_alto,alto,40,30,30,48,73,15,76,59,15,28,53,85,No
800301,medio,bajo,medio_bajo,bajo,medio_alto,alto,medio_alto,medio_bajo,medio,alto,bajo,69,33,70,30,15,85,15,50,55,80,59,76,No
800302,alto,medio_alto,medio,medio,medio_alto,medio_bajo,bajo,alto,bajo,medio,medio_bajo,63,30,30,54,15,66,62,30,38,41,62,75,No
800303,medio_alto,medio_bajo,bajo,bajo,medio_bajo,medio_bajo,medio_bajo,medio,medio,medio,alto,70,30,70,30,73,64,60,76,65,15,26,84,No
800304,medio,bajo,medio_alto,medio,medio_bajo,medio,bajo,bajo,bajo,medio_alto,bajo,46,70,70,65,33,45,42,17,54,41,40,68,No
800305,medio,medio_alto,alto,alto,bajo,medio_alto,medio_alto,alto,medio,alto,alto,47,70,34,30,33,21,15,15,59,15,8,85,No
800306,bajo,medio_bajo,medio_bajo,medio_bajo,bajo,medio_alto,medio_bajo,medio_alto,medio,medio_alto,medio,64,30,32,41,41,85,85,15,53,84,9,26,No
800307,alto,medio,alto,alto,alto,medio_bajo,alto,medio_alto,medio_alto,medio,medio_bajo,30,30,52,68,22,85,15,16,15,73,13,85,No
800308,medio_bajo,medio,medio,medio_alto,bajo,bajo,alto,medio,medio_bajo,medio_bajo,medio_alto,30,70,70,70,28,61,17,45,28,15,58,76,No
800309,medio,medio_bajo,bajo,medio_bajo,alto,alto,medio,alto,bajo,alto,medio_alto,30,66,30,70,60,75,80,85,28,59,38,54,No
800310,medio_bajo,medio_bajo,medio_alto,medio_alto,medio_alto,bajo,medio_bajo,bajo,alto,medio_bajo,alto,54,62,48,70,85,85,85,85,33,42,34,15,Yes
800311,medio_alto,medio_bajo,alto,bajo,medio_bajo,alto,medio_alto,alto,medio_alto,medio_bajo,medio_bajo,33,70,30,70,60,18,85,85,30,54,96,24,No
800312,medio_alto,medio,medio,bajo,medio,medio_bajo,medio_bajo,medio_bajo,medio_bajo,medio,medio_bajo,43,53,70,30,31,85,63,15,34,85,43,26,No
800313,alto,medio,medio_bajo,alto,alto,bajo,medio_bajo,alto,medio_alto,alto,medio,30,64,34,64,41,85,85,42,15,50,52,32,No
800314,medio_bajo,medio_bajo,medio_bajo,medio,bajo,bajo,medio,medio,medio_alto,medio_alto,bajo,33,30,60,30,43,39,77,42,67,68,46,62,No
800315,medio_bajo,alto,bajo,bajo,medio_bajo,bajo,medio,medio_alto,alto,medio,medio,70,39,53,55,85,76,59,67,85,77,12,36,No
800316,medio,medio_alto,alto,alto,alto,medio_bajo,alto,medio,alto,medio_bajo,medio_bajo,30,70,30,30,69,85,51,21,38,41,9,85,No
800317,bajo,bajo,alto,medio_alto,medio_bajo,medio_bajo,medio_bajo,medio_bajo,medio_bajo,medio_alto,medio_bajo,70,30,56,44,50,32,28,43,85,69,80,32,No
800318,medio_alto,bajo,medio_alto,medio_bajo,alto,medio_alto,medio_bajo,bajo,medio_bajo,alto,medio_bajo,30,30,30,70,34,58,28,39,38,64,31,70,No
800319,alto,bajo,medio,bajo,bajo,medio_alto,medio,medio,bajo,bajo,alto,30,60,54,43,83,62,36,56,36,20,16,80,No
800320,medio,medio,alto,medio,medio_bajo,medio_bajo,bajo,medio,bajo,medio_alto,medio_alto,70,30,53,70,38,39,20,53,81,25,20,39,No
800321,medio_bajo,medio,alto,medio_alto,medio_alto,medio_bajo,alto,bajo,medio,medio_alto,medio_bajo,70,70,52,32,19,60,15,31,15,85,69,15,No
800322,medio_bajo,medio,medio,bajo,alto,alto,alto,medio,medio_alto,bajo,bajo,45,66,70,45,85,75,74,79,64,85,75,60,No
800323,medio,alto,alto,alto,medio,alto,medio_bajo,alto,medio_alto,medio_bajo,medio_bajo,70,68,33,30,15,51,39,69,57,60,79,85,No
800324,alto,medio_bajo,medio,medio_bajo,medio,medio_alto,medio_alto,alto,alto,medio_bajo,medio_alto,70,38,42,40,54,23,52,15,33,26,81,61,No
800325,alto,bajo,alto,bajo,alto,medio_alto,medio_alto,bajo,medio_alto,medio_alto,medio,30,70,70,41,59,30,54,15,23,66,3,23,No
800326,medio_bajo,alto,medio_bajo,medio,medio_alto,alto,medio_bajo,medio_bajo,medio,bajo,alto,60,70,30,37,15,75,85,43,85,15,35,33,No
800327,medio_alto,medio_bajo,medio_alto,medio,medio_alto,alto,medio_alto,medio_alto,bajo,alto,medio,30,56,65,60,77,15,53,85,81,69,48,85,No
800328,bajo,medio_bajo,medio,bajo,medio,medio_alto,medio,medio_alto,medio_bajo,medio_alto,medio_bajo,70,30,30,70,33,15,15,85,15,72,59,85,No
800329,medio,medio,bajo,alto,medio,medio,bajo,medio,medio_alto,alto,alto,70,30,59,41,82,74,85,63,81,27,73,15,Yes
800330,bajo,medio_alto,alto,medio,alto,medio,bajo,bajo,bajo,bajo,alto,55,30,30,69,32,69,83,19,30,15,71,15,No
800331,medio,medio_alto,medio,medio_alto,bajo,alto,alto,medio_bajo,alto,medio_bajo,bajo,70,30,30,50,15,43,15,69,40,85,26,79,No
800332,medio,bajo,medio,medio_alto,medio_alto,medio,medio,medio,alto,medio,medio_alto,30,30,70,67,30,85,17,15,46,79,91,47,No
800333,medio,alto,alto,medio,medio_bajo,medio_bajo,bajo,alto,medio_alto,medio_alto,medio_alto,30,60,68,53,85,44,80,22,85,79,25,28,No
800334,bajo,medio,medio_alto,bajo,alto,alto,medio_alto,medio,medio,alto,medio_alto,70,70,70,70,24,73,30,76,85,24,44,85,No
800335,medio,medio,alto,bajo,medio,bajo,medio,alto,alto,medio,bajo,30,70,30,55,69,52,17,64,15,63,20,58,No
800336,medio_bajo,medio,medio,medio_alto,alto,alto,alto,medio_bajo,medio_alto,medio,medio_bajo,49,70,30,69,68,85,61,15,31,68,4,85,No
800337,medio_bajo,bajo,medio_bajo,medio_bajo,medio_bajo,medio,medio_bajo,medio,alto,medio,alto,54,57,31,70,56,59,40,23,54,63,11,64,No
800338,medio,alto,medio,bajo,medio_bajo,medio,medio_bajo,medio_alto,medio,medio_bajo,bajo,64,42,70,37,41,78,15,85,29,22,77,19,No
800339,medio_bajo,bajo,medio_bajo,alto,medio_bajo,alto,alto,medio_bajo,bajo,medio_bajo,medio_bajo,70,30,44,45,15,44,80,43,85,85,41,23,No
800340,alto,medio_alto,medio_bajo,bajo,bajo,medio,alto,medio,medio_alto,medio_bajo,medio_bajo,30,70,65,43,15,50,85,64,50,44,61,15,No
800341,medio_bajo,alto,medio_bajo,medio_alto,medio,medio_bajo,medio_bajo,medio_bajo,medio_bajo,medio_alto,medio,48,38,38,42,35,85,67,85,32,26,83,83,No
800342,bajo,alto,bajo,medio_alto,alto,medio_bajo,medio,bajo,medio,medio_alto,alto,54,39,52,30,56,70,62,15,80,50,2,15,No
800343,medio_bajo,alto,medio_bajo,medio_bajo,medio_alto,alto,medio_bajo,alto,medio_alto,medio_alto,medio_bajo,41,30,70,69,85,85,24,16,15,53,3,85,No
800344,medio,bajo,bajo,medio,medio,bajo,alto,medio_bajo,alto,medio_alto,medio_bajo,30,46,70,70,17,17,75,53,66,27,36,84,No
800345,medio,medio_bajo,alto,bajo,medio_bajo,medio_bajo,alto,alto,medio,alto,medio,70,30,30,70,77,48,44,25,71,47,97,50,No
800346,alto,medio_alto,medio_bajo,bajo,bajo,bajo,medio,alto,medio,medio_alto,alto,33,30,65,52,83,85,15,70,49,85,88,74,No
800347,alto,bajo,medio_alto,medio,medio,medio_alto,medio,bajo,bajo,medio_bajo,medio_bajo,70,52,70,70,17,25,15,60,45,62,72,48,No
800348,medio,medio_alto,alto,alto,alto,medio,medio_bajo,medio_bajo,alto,bajo,alto,30,30,69,70,22,64,50,85,16,76,1,60,Yes
800349,medio,bajo,alto,medio_alto,medio_bajo,medio,medio_alto,medio_bajo,alto,medio_alto,bajo,45,53,70,30,55,15,79,75,68,56,68,35,Yes
800350,medio,bajo,medio_bajo,medio_alto,alto,medio_alto,medio_alto,bajo,alto,medio,alto,70,70,42,64,85,15,15,31,15,71,13,50,No
800351,medio_bajo,bajo,bajo,medio_alto,medio_bajo,alto,alto,medio,bajo,bajo,bajo,56,33,70,56,50,79,50,18,85,27,66,15,No
800352,alto,alto,medio,bajo,medio,medio,alto,medio_bajo,medio,alto,alto,70,70,70,70,29,48,59,65,82,53,56,24,No
800353,medio_bajo,medio,medio,medio,alto,alto,alto,medio,bajo,bajo,bajo,38,66,40,62,59,32,30,15,74,28,80,18,No
800354,medio_bajo,alto,alto,medio_alto,medio,medio,alto,bajo,alto,medio_alto,alto,60,62,30,30,55,57,85,26,49,85,18,75,No
800355,medio_alto,medio_bajo,medio_bajo,medio_bajo,bajo,medio_bajo,medio_bajo,medio_alto,medio,medio_alto,medio,70,48,30,30,58,61,76,85,48,15,37,44,No
800356,medio,alto,medio_alto,medio,bajo,alto,medio_bajo,medio,medio,alto,medio_alto,41,45,50,70,15,59,15,15,45,32,92,33,No
800357,medio_bajo,medio_bajo,medio_bajo,medio_bajo,medio,medio,alto,medio_alto,medio_bajo,bajo,alto,46,70,32,70,15,23,54,53,85,54,83,24,No
800358,medio_alto,bajo,medio_alto,medio,medio,medio_alto,medio_bajo,bajo,medio,alto,medio,68,30,70,32,36,15,75,61,15,23,38,31,No
800359,bajo,medio,medio,alto,medio,medio_bajo,medio,alto,medio_alto,medio,medio_bajo,70,30,30,30,20,15,85,30,56,84,30,15,No
800360,medio_bajo,medio,alto,bajo,medio_alto,alto,medio,medio,alto,medio,medio_alto,70,70,30,44,29,85,79,15,74,78,13,25,No
800361,medio_alto,alto,alto,medio_bajo,alto,medio_bajo,medio_alto,bajo,medio,medio_bajo,medio,41,30,65,30,15,40,15,15,60,78,83,34,No
800362,medio,medio_bajo,medio,medio_bajo,medio,medio_bajo,medio,medio,medio,medio_alto,medio_alto,63,32,70,58,51,51,62,50,33,63,46,35,No
800363,medio,medio_alto,medio,alto,alto,alto,alto,medio_bajo,medio_alto,alto,bajo,30,30,70,43,15,85,59,58,81,85,7,54,No
800364,medio_alto,alto,alto,medio_bajo,bajo,bajo,medio_alto,alto,medio_bajo,medio_alto,medio_alto,70,30,61,31,49,73,63,56,29,25,38,24,No
800365,medio_alto,medio_alto,medio_alto,alto,medio_bajo,medio,medio,medio,medio,alto,medio,30,70,70,64,32,52,58,29,74,15,90,73,No
800366,bajo,medio_alto,medio_alto,bajo,medio_bajo,medio,medio_bajo,bajo,medio_alto,medio_alto,bajo,48,70,70,56,85,85,22,15,33,33,15,85,No
800367,medio_alto,medio_bajo,bajo,bajo,medio_bajo,medio,medio_bajo,medio_bajo,medio,medio_bajo,medio_alto,70,30,30,33,58,49,85,70,24,15,10,85,No
800368,medio_bajo,bajo,medio_alto,medio_alto,bajo,medio,medio_alto,medio_alto,medio_alto,medio_alto,medio_bajo,30,33,30,30,36,45,15,15,15,19,51,40,No
800369,medio,medio_bajo,bajo,bajo,bajo,bajo,alto,alto,medio_bajo,bajo,bajo,66,70,32,64,48,42,83,74,84,74,68,16,No
800370,medio,alto,alto,medio_alto,alto,alto,alto,medio_alto,medio_alto,bajo,medio_bajo,30,51,30,70,33,15,70,15,52,24,82,21,No
800371,medio,bajo,alto,alto,medio,medio_bajo,alto,medio,medio_alto,medio_alto,medio_alto,51,34,70,69,75,15,59,68,15,21,47,52,No
800372,bajo,medio,alto,alto,medio,medio,medio_alto,medio,medio_alto,medio_bajo,medio,30,70,70,65,27,76,52,85,36,85,89,19,No
800373,alto,medio,medio_bajo,bajo,bajo,medio_alto,medio_bajo,bajo,bajo,medio,bajo,70,61,40,70,15,39,30,19,85,69,42,27,No
800374,medio_alto,medio,medio_bajo,alto,alto,medio,medio_bajo,medio_bajo,medio,alto,alto,30,59,54,70,59,49,17,48,23,70,49,15,No
800375,alto,alto,bajo,alto,medio_alto,medio_bajo,bajo,medio_bajo,medio_alto,medio_alto,bajo,30,30,49,30,69,76,75,73,39,28,51,35,No
800376,medio_alto,medio_bajo,alto,medio,medio_alto,alto,medio,medio,bajo,bajo,bajo,30,70,54,30,35,15,59,15,26,60,38,15,No
800377,bajo,medio_alto,bajo,medio_alto,alto,medio_bajo,medio,alto,medio_alto,bajo,medio,70,70,59,42,85,28,57,52,75,28,59,80,No
800378,medio_alto,medio_alto,medio_bajo,bajo,medio,alto,medio_bajo,medio,medio_alto,medio_bajo,medio,30,70,70,70,85,85,35,67,15,85,67,41,No
800379,bajo,bajo,medio_bajo,medio_alto,medio_alto,alto,medio,medio_bajo,medio_alto,bajo,bajo,36,54,70,30,36,57,37,19,27,74,82,79,No
800380,bajo,medio_bajo,alto,medio_alto,alto,medio_bajo,medio_bajo,alto,alto,medio_alto,medio_alto,30,30,30,45,15,70,15,24,39,29,49,28,No
800381,medio_bajo,medio_alto,medio_bajo,alto,medio,alto,medio,medio_alto,medio_alto,bajo,medio_alto,57,70,70,30,56,46,85,30,22,60,83,85,No
800382,alto,medio,bajo,bajo,medio,bajo,medio,medio_alto,bajo,medio,medio,54,45,70,30,42,77,23,26,79,76,67,23,No
800383,medio,medio_alto,medio_alto,alto,medio_alto,medio_bajo,bajo,medio,medio_bajo,medio,medio_alto,30,63,30,70,28,85,85,40,52,85,83,35,No
800384,alto,alto,alto,medio_alto,medio_alto,medio_bajo,medio_alto,medio_alto,medio,bajo,medio_alto,40,35,40,70,15,73,69,25,80,24,52,52,No
800385,bajo,bajo,alto,medio_bajo,medio_bajo,medio,medio_alto,medio_alto,medio,alto,alto,70,34,70,37,20,72,34,34,85,40,86,15,No
800386,medio_bajo,bajo,bajo,medio_alto,alto,medio_bajo,medio_bajo,medio_bajo,medio_alto,alto,medio_alto,30,70,59,45,15,34,39,82,15,15,60,47,No
800387,bajo,medio_bajo,medio,alto,medio_alto,bajo,medio_bajo,alto,bajo,medio_alto,alto,70,66,70,68,29,15,15,66,53,46,22,15,No
800388,bajo,medio,medio_bajo,medio,medio,alto,medio,medio,medio_alto,alto,medio_bajo,30,30,70,55,85,15,26,85,81,55,74,47,No
800389,medio,medio,medio,medio,medio,medio,medio,medio_bajo,alto,alto,medio_alto,70,70,49,68,85,54,85,85,85,23,72,20,No
800390,medio,medio_alto,medio_bajo,medio_bajo,bajo,medio_alto,medio_alto,medio,alto,medio,medio,61,70,30,32,15,15,85,85,44,82,11,83,No
800391,medio,bajo,medio,medio,medio_alto,medio_bajo,bajo,medio_bajo,medio_alto,medio_alto,alto,30,52,30,30,42,84,36,15,15,15,19,76,No
800392,bajo,medio,medio,bajo,medio_alto,medio_bajo,bajo,medio,medio_bajo,medio_alto,medio_alto,42,30,30,30,80,61,20,53,41,85,40,25,No
800393,medio,medio_bajo,alto,medio,bajo,medio_alto,alto,medio_alto,medio_alto,alto,bajo,70,70,30,70,17,85,85,60,58,56,90,84,No
800394,medio_bajo,bajo,alto,medio_bajo,medio_bajo,medio_bajo,medio,bajo,medio_bajo,alto,medio,55,30,70,47,65,39,54,83,60,53,85,15,No
800395,bajo,alto,medio_bajo,medio_bajo,bajo,alto,medio,medio_alto,medio_bajo,bajo,medio_bajo,67,30,30,30,15,31,43,40,78,85,9,85,No
800396,alto,bajo,alto,medio_bajo,medio_bajo,alto,alto,medio_bajo,bajo,medio_alto,medio_alto,40,47,70,56,60,20,35,18,31,47,66,48,No
800397,alto,medio_alto,medio_bajo,medio_alto,alto,medio,medio_alto,medio_bajo,bajo,bajo,medio_bajo,70,30,30,36,62,51,15,51,22,56,64,15,No
800398,medio_bajo,bajo,bajo,alto,alto,alto,medio_alto,medio,medio,bajo,bajo,42,30,69,70,48,64,66,34,21,18,24,49,No
800399,medio_bajo,bajo,bajo,bajo,medio,bajo,medio,medio_alto,medio_alto,medio_bajo,medio_bajo,64,64,30,30,85,63,43,68,62,85,68,41,No
800400,medio,medio_bajo,medio_alto,medio_alto,medio_alto,alto,alto,alto,medio_bajo,bajo,medio_bajo,70,59,38,30,50,26,25,70,41,27,43,32,No
800401,medio,medio,alto,medio,medio_alto,medio,alto,medio,medio_alto,medio,bajo,30,30,64,30,39,85,63,50,22,54,9,53,No
800402,medio,alto,bajo,medio_bajo,medio_alto,alto,medio_alto,medio_alto,medio_bajo,medio_bajo,medio,30,70,30,47,44,85,72,58,85,74,97,66,No
800403,medio_bajo,medio_bajo,alto,medio_bajo,medio_bajo,medio_bajo,medio_alto,medio,medio,medio_bajo,bajo,67,70,61,68,15,39,26,59,18,25,46,38,No
800404,bajo,medio,bajo,medio_bajo,alto,medio_alto,medio_alto,medio_alto,alto,medio,bajo,47,30,70,30,76,85,51,28,52,53,24,71,No
800405,medio_bajo,alto,medio_bajo,medio,medio,medio_alto,medio,medio_bajo,medio_bajo,medio_alto,medio,30,30,70,30,15,77,26,85,15,58,100,46,No
800406,medio_alto,alto,medio_alto,bajo,medio_bajo,medio,bajo,medio,medio,medio,medio,57,30,70,30,37,71,15,85,85,75,9,59,Yes
800407,medio,medio_alto,bajo,medio_bajo,bajo,alto,alto,alto,medio_alto,bajo,bajo,70,70,30,30,70,15,85,47,79,36,18,39,No
800408,medio,medio,alto,medio_alto,medio_alto,bajo,bajo,bajo,medio_alto,alto,bajo,70,39,30,30,44,66,15,85,22,85,63,24,No
800409,bajo,medio_alto,medio_bajo,medio_bajo,medio_alto,medio_alto,bajo,medio_alto,medio,medio_bajo,alto,70,30,70,68,56,33,66,41,85,15,44,48,No
800410,medio_bajo,medio,bajo,alto,medio,medio,medio_alto,alto,bajo,medio_bajo,medio_alto,30,46,30,59,85,45,15,48,69,35,95,82,No
800411,medio,medio,alto,bajo,alto,medio,medio,medio_alto,medio_alto,bajo,bajo,70,30,30,30,15,15,58,15,85,40,75,41,No
800412,medio,medio_bajo,medio,alto,medio_bajo,medio_alto,alto,bajo,alto,medio_bajo,medio_bajo,30,30,70,70,68,85,38,15,53,85,53,82,No
800413,medio_bajo,alto,alto,medio,medio_alto,medio,medio,medio_alto,alto,alto,medio_alto,35,38,30,30,58,15,15,83,15,75,73,52,No
800414,medio,medio_alto,medio_alto,alto,alto,medio,alto,medio_bajo,alto,medio_bajo,medio_alto,70,43,30,70,37,67,65,77,70,41,79,54,No
800415,medio_alto,bajo,medio_alto,medio_alto,medio_bajo,medio,medio_alto,medio,bajo,medio_alto,alto,30,70,39,67,58,15,15,64,15,44,67,21,Yes
800416,bajo,medio,medio_alto,medio_alto,medio,medio,medio,medio_alto,medio_alto,medio_bajo,medio_bajo,44,70,34,30,85,15,85,85,85,33,44,72,No
800417,bajo,alto,medio_bajo,medio,medio,alto,medio_bajo,medio,medio,medio_bajo,medio_bajo,43,30,70,70,85,82,29,15,85,26,25,85,No
800418,bajo,medio_bajo,medio_alto,alto,medio_bajo,alto,medio,medio,medio,alto,bajo,30,61,70,61,85,56,48,73,84,82,16,31,No
800419,alto,bajo,medio,medio_alto,bajo,medio_alto,alto,bajo,bajo,medio,bajo,36,70,70,70,49,85,30,85,72,18,54,85,No
800420,medio,alto,medio_bajo,medio,medio_alto,medio_bajo,bajo,medio_bajo,medio_bajo,alto,alto,30,31,30,47,15,63,85,43,85,30,62,16,Yes
800421,medio_alto,bajo,medio_bajo,bajo,medio_alto,alto,medio_bajo,alto,alto,medio,medio,70,70,30,30,23,85,80,15,15,75,28,83,No
800422,bajo,alto,bajo,medio_alto,bajo,medio,medio_bajo,medio,bajo,medio_alto,medio_alto,68,70,70,30,27,15,85,57,85,34,39,62,No
800423,bajo,medio_alto,alto,medio,medio_bajo,medio_alto,bajo,medio_bajo,alto,medio_alto,medio_bajo,30,30,35,34,45,68,47,60,15,32,83,85,No
800424,bajo,medio,alto,alto,alto,medio_bajo,alto,medio_alto,medio_bajo,medio_bajo,medio,43,51,70,70,28,85,64,20,15,15,37,63,No
800425,medio_bajo,bajo,medio_alto,medio,medio_alto,medio,bajo,bajo,alto,alto,bajo,30,70,50,30,27,15,53,61,15,69,81,60,No
800426,bajo,bajo,medio,medio_alto,medio,alto,alto,medio,medio_alto,bajo,alto,30,48,30,30,59,85,54,63,24,36,53,61,No
800427,alto,alto,bajo,medio_alto,medio_bajo,bajo,medio_bajo,alto,medio_alto,alto,medio_alto,70,32,55,70,48,85,77,33,81,85,17,42,No
800428,medio_alto,medio_alto,alto,alto,alto,medio,bajo,alto,medio_bajo,bajo,medio,30,30,30,30,55,65,16,62,85,42,30,51,No
800429,medio_bajo,medio,medio,medio,medio,bajo,medio_bajo,alto,medio,medio_bajo,medio_bajo,64,30,30,30,85,85,85,27,82,85,59,85,No
800430,medio_alto,medio,alto,medio,medio_bajo,medio,medio_bajo,bajo,bajo,medio,medio,30,44,30,43,67,85,40,15,54,82,9,15,No
800431,bajo,alto,medio_alto,bajo,medio_bajo,medio,bajo,medio_alto,alto,medio,alto,55,30,30,30,48,72,58,61,85,49,2,83,No
800432,bajo,alto,medio,medio_bajo,medio_alto,medio,medio,medio_bajo,medio_alto,medio_bajo,medio_alto,30,45,70,70,77,85,85,29,51,85,29,15,No
800433,medio_bajo,medio_bajo,medio_alto,alto,alto,bajo,alto,alto,medio_alto,medio_alto,medio,70,70,70,70,50,15,35,77,45,54,17,34,No
800434,bajo,medio_bajo,medio,alto,bajo,medio_bajo,bajo,alto,medio_alto,bajo,medio_alto,30,59,62,70,60,85,76,85,85,78,32,15,No
800435,bajo,alto,medio_alto,bajo,medio,bajo,bajo,alto,alto,alto,medio_bajo,30,33,70,67,58,43,17,39,72,51,22,35,Yes
800436,medio_bajo,medio,alto,medio_bajo,alto,bajo,bajo,bajo,medio,medio_bajo,medio_bajo,30,30,51,54,59,47,85,71,15,37,9,80,No
800437,medio_bajo,medio_alto,alto,medio_bajo,alto,medio_alto,medio,bajo,medio_alto,alto,medio_bajo,30,68,53,70,34,43,70,53,30,69,20,50,No
800438,medio_alto,medio_bajo,medio,medio_bajo,medio_bajo,medio_bajo,bajo,medio_alto,medio,medio_bajo,bajo,30,70,43,47,15,84,56,85,79,24,46,50,No
800439,medio,alto,alto,medio,bajo,medio,bajo,medio_alto,medio_alto,alto,medio_alto,35,70,46,30,53,75,84,85,15,69,3,53,No
800440,bajo,medio,medio_bajo,bajo,medio,medio_alto,medio,medio_bajo,alto,medio_alto,bajo,30,62,30,70,15,74,34,15,73,79,53,71,No
800441,alto,medio,medio_alto,alto,medio_alto,bajo,bajo,bajo,bajo,bajo,medio_bajo,70,55,52,70,85,81,50,21,48,85,22,85,No
800442,medio_alto,alto,alto,medio,alto,bajo,bajo,alto,medio_bajo,medio_bajo,medio,54,70,30,30,15,46,60,46,15,15,29,20,No
800443,medio,bajo,medio_bajo,medio_alto,medio_alto,medio_bajo,medio,medio_bajo,medio_bajo,bajo,medio_bajo,70,30,30,54,15,85,15,30,85,57,44,27,No
800444,medio,alto,medio,medio_bajo,medio_bajo,medio_bajo,bajo,alto,medio,medio,alto,48,46,30,70,85,67,54,15,32,15,14,50,No
800445,bajo,alto,medio_bajo,medio,medio,bajo,bajo,medio_bajo,medio_bajo,alto,bajo,30,70,30,57,54,64,68,85,32,21,29,61,No
800446,medio,medio,medio_alto,medio_alto,bajo,bajo,medio,medio_alto,alto,alto,alto,70,65,30,30,83,41,26,69,48,81,27,73,No
800447,medio,medio_bajo,medio,medio_bajo,medio_alto,medio,alto,medio_bajo,bajo,bajo,medio,63,70,70,30,45,79,46,85,35,73,94,64,No
800448,medio,medio_alto,medio_bajo,medio_alto,bajo,bajo,medio_bajo,medio_bajo,medio,medio_bajo,medio,42,39,35,70,43,61,24,52,15,85,53,85,No
800449,bajo,medio_alto,medio_alto,medio,bajo,medio_alto,alto,alto,medio_bajo,bajo,alto,70,36,70,70,48,75,15,33,63,83,81,78,No
800450,medio_alto,alto,medio_bajo,alto,bajo,medio_bajo,medio,medio_alto,bajo,medio,medio_alto,70,59,30,60,85,68,41,63,80,78,23,85,No
800451,bajo,medio_alto,bajo,medio,alto,medio,alto,medio,bajo,medio_alto,bajo,70,70,30,30,61,34,44,66,85,43,3,15,No
800452,medio,medio,bajo,medio,medio_bajo,alto,medio_bajo,medio,medio_alto,bajo,medio,55,55,41,30,74,35,72,44,15,85,23,15,No
800453,medio_bajo,bajo,medio_alto,medio_alto,medio_bajo,bajo,alto,medio,bajo,medio_bajo,medio_alto,30,66,30,30,53,85,85,85,15,63,8,70,No
800454,medio_bajo,bajo,medio_alto,medio_alto,alto,medio_bajo,alto,medio_alto,medio_bajo,alto,medio_bajo,70,30,46,30,37,84,31,42,15,22,25,41,No
800455,medio,alto,medio_bajo,bajo,medio_bajo,alto,medio_alto,bajo,medio_alto,medio_bajo,alto,70,30,64,58,15,15,69,85,85,15,7,45,No
800456,medio,medio,bajo,medio_bajo,medio_alto,medio_alto,medio_alto,medio_bajo,medio_alto,medio,bajo,70,70,70,61,71,83,81,15,17,17,69,27,No
800457,medio,medio_alto,bajo,medio_bajo,bajo,alto,alto,medio_bajo,bajo,alto,medio_bajo,30,70,50,70,45,85,85,51,15,63,65,15,No
800458,bajo,medio_alto,bajo,medio,medio,alto,alto,bajo,alto,bajo,bajo,30,30,30,30,85,27,52,15,64,85,27,15,No
800459,medio_bajo,bajo,medio_bajo,medio,medio_bajo,bajo,medio_bajo,alto,medio,bajo,bajo,59,30,70,30,78,34,15,15,15,29,6,46,No
800460,medio_alto,medio,medio_bajo,alto,medio_alto,bajo,bajo,medio_alto,medio_bajo,bajo,alto,70,70,70,30,72,41,85,15,72,19,20,15,No
800461,medio_alto,medio,medio_bajo,bajo,alto,medio,bajo,alto,medio_alto,medio_bajo,medio_bajo,70,70,44,62,33,66,15,73,27,58,90,15,No
800462,bajo,alto,medio_bajo,medio,bajo,medio,bajo,medio_alto,medio_alto,medio_alto,medio_alto,38,30,70,30,82,75,31,37,33,82,16,15,No
800463,medio,alto,medio_bajo,medio_bajo,alto,medio_alto,medio_alto,medio_alto,medio_alto,medio_alto,medio_bajo,30,59,70,30,15,41,39,43,66,74,30,65,No
800464,medio,alto,medio,medio_alto,medio_alto,medio_bajo,alto,medio_alto,medio_alto,bajo,medio_bajo,70,52,30,36,24,85,27,16,52,57,3,73,No
800465,medio,medio,medio_bajo,medio_bajo,medio_alto,alto,medio,medio_bajo,medio_alto,medio_bajo,bajo,70,44,55,32,67,85,73,35,28,85,35,26,No
800466,medio,medio_alto,medio_bajo,medio_alto,medio_alto,alto,medio,medio_bajo,medio_bajo,bajo,medio_alto,30,70,34,70,85,15,15,79,50,18,72,34,No
800467,alto,medio_alto,medio_bajo,alto,medio,medio_bajo,bajo,alto,medio_bajo,bajo,medio,60,70,30,30,35,85,85,73,15,34,14,33,No
800468,medio_bajo,medio_bajo,alto,alto,alto,alto,alto,alto,medio_alto,alto,bajo,30,30,34,62,47,61,49,43,50,15,33,18,No
800469,alto,alto,medio_alto,bajo,medio,medio_alto,medio_bajo,alto,alto,medio_alto,medio,70,67,36,30,85,60,17,73,15,64,52,85,No
800470,bajo,medio_bajo,medio_alto,bajo,medio,bajo,alto,alto,medio,medio,medio_alto,30,59,60,66,25,54,75,68,17,40,2,31,No
800471,bajo,medio,medio_alto,medio_bajo,medio_alto,medio_bajo,alto,medio_bajo,bajo,alto,medio_alto,30,70,70,36,63,27,84,15,82,24,85,15,Yes
800472,medio,alto,medio_alto,medio,bajo,alto,medio,medio,medio_bajo,medio,medio_alto,30,30,64,70,21,85,37,40,34,16,15,29,No
800473,medio_bajo,bajo,alto,medio_alto,medio_bajo,alto,alto,medio_alto,medio_bajo,medio_alto,alto,35,30,70,70,15,53,41,37,23,34,88,85,No
800474,medio,alto,medio_alto,medio,bajo,medio_alto,medio_alto,bajo,medio,medio,medio,36,44,50,52,42,65,15,20,35,80,52,28,No
800475,medio_alto,alto,medio,medio,medio_alto,medio_alto,medio_bajo,medio,medio,medio_alto,alto,54,70,30,42,15,15,56,46,28,83,8,52,No
800476,medio,medio_bajo,alto,medio_bajo,medio_bajo,medio_bajo,alto,alto,medio,medio_alto,medio_bajo,41,30,30,70,44,85,15,15,85,83,12,84,No
800477,medio_bajo,medio,medio,alto,medio_alto,medio,medio,medio,medio_bajo,medio_bajo,medio_bajo,30,30,30,68,33,20,71,43,15,15,22,85,No
800478,medio,medio_bajo,alto,bajo,medio,medio_alto,bajo,bajo,bajo,alto,medio,64,30,30,46,54,85,15,47,62,15,23,62,No
800479,alto,medio,medio_bajo,medio,medio_bajo,bajo,bajo,alto,medio_alto,medio,medio_bajo,65,51,30,70,52,46,55,46,75,15,84,85,No
800480,medio_alto,medio,alto,medio_alto,medio,alto,medio,bajo,medio_bajo,alto,alto,47,30,30,70,18,38,15,15,85,54,6,29,No
800481,medio_alto,medio_alto,alto,bajo,medio_bajo,alto,medio_bajo,medio_alto,medio_bajo,medio_alto,bajo,68,70,70,30,15,54,56,34,16,41,44,15,No
800482,alto,bajo,bajo,medio,medio_bajo,medio_bajo,medio,alto,alto,alto,bajo,70,69,30,30,41,63,85,15,15,32,87,85,No
800483,medio,bajo,medio,medio_bajo,medio_alto,medio,alto,medio_alto,bajo,alto,medio_alto,70,43,48,70,73,85,58,15,75,58,13,15,No
800484,medio,medio_bajo,medio_bajo,medio_bajo,alto,alto,medio_alto,medio_alto,medio,alto,medio_alto,70,70,50,70,43,15,39,15,15,85,29,32,No
800485,alto,medio_alto,alto,medio_alto,alto,medio_alto,medio_bajo,medio_alto,medio_bajo,alto,medio,46,35,70,30,85,85,80,17,27,85,97,25,No
800486,bajo,medio_bajo,medio_bajo,medio_bajo,bajo,bajo,medio_alto,alto,medio_alto,bajo,medio,70,70,70,30,85,27,85,85,85,30,91,79,No
800487,medio_alto,medio_alto,alto,medio_alto,medio_alto,medio,medio_bajo,medio_alto,alto,medio_bajo,medio_bajo,70,30,70,49,85,60,22,85,15,15,39,60,No
800488,medio_alto,bajo,alto,medio,medio,medio,medio_bajo,medio_bajo,bajo,bajo,medio,30,70,30,70,18,15,64,47,15,53,7,32,No
800489,medio,medio_bajo,medio,medio_bajo,medio,alto,medio_bajo,alto,bajo,medio_alto,medio,64,30,57,30,85,15,85,69,56,28,93,45,Yes
800490,medio,medio,medio,medio,alto,bajo,alto,alto,bajo,medio_bajo,medio,70,30,30,30,41,18,85,15,75,85,90,85,No
800491,bajo,alto,medio_bajo,medio,alto,bajo,medio,bajo,alto,bajo,bajo,46,69,46,70,42,61,15,85,15,81,99,22,No
800492,medio_alto,medio_alto,alto,bajo,medio_alto,bajo,medio_alto,bajo,medio,bajo,medio_bajo,30,68,53,70,42,85,36,44,28,15,93,78,No
800493,bajo,medio_alto,medio_alto,medio_alto,medio_bajo,medio_bajo,medio,bajo,medio_alto,medio_bajo,medio_bajo,70,30,61,30,75,34,48,49,44,77,97,27,No
800494,alto,medio,medio_bajo,alto,medio_alto,alto,medio_alto,alto,alto,bajo,medio_alto,58,47,70,70,20,64,36,67,40,50,47,85,No
800495,medio,medio_alto,medio_bajo,medio_bajo,alto,medio_alto,alto,bajo,alto,alto,alto,70,70,30,30,33,15,15,41,68,20,42,15,Yes
800496,medio_bajo,bajo,alto,medio,medio,medio_bajo,alto,medio_alto,medio_alto,medio,medio_bajo,30,30,70,70,66,15,27,67,15,85,21,15,No
800497,bajo,bajo,medio,bajo,bajo,medio,medio_bajo,medio,medio_bajo,medio_bajo,medio,67,70,30,30,36,15,25,68,85,85,52,85,No
800498,alto,medio_bajo,medio_alto,medio_bajo,bajo,medio,medio,medio_alto,medio_bajo,bajo,medio,30,51,70,30,63,66,18,39,63,52,39,15,No
800499,medio,medio_alto,alto,bajo,bajo,alto,alto,bajo,medio,medio,medio_bajo,70,43,30,59,80,54,69,47,38,15,35,85,No
800500,medio_bajo,medio,alto,medio,alto,medio_bajo,medio_bajo,medio_bajo,medio,bajo,alto,42,70,70,52,41,29,30,39,41,85,55,35,No
800501,medio_bajo,medio_alto,alto,alto,bajo,medio_alto,medio_bajo,alto,medio,medio,bajo,69,66,43,59,85,53,15,85,85,85,96,85,No
800502,medio_bajo,medio_bajo,bajo,medio,alto,bajo,alto,medio_alto,medio_bajo,medio_bajo,medio,70,70,30,51,54,63,25,71,15,25,93,60,No
800503,medio_alto,medio_bajo,medio,medio_alto,medio_alto,medio,medio,medio_bajo,bajo,medio_bajo,bajo,70,70,70,70,16,79,68,15,37,54,24,34,No
800504,medio,medio_bajo,alto,bajo,medio,medio_bajo,medio_bajo,alto,medio,alto,medio,30,53,70,30,83,76,85,53,85,85,57,41,No
800505,medio,alto,alto,alto,bajo,medio,bajo,bajo,medio_alto,medio_alto,bajo,48,62,30,70,15,15,15,15,51,55,4,65,No
800506,medio_bajo,medio_alto,medio_alto,alto,alto,alto,medio,medio,medio_alto,medio,medio_alto,30,30,37,70,15,19,32,15,15,69,66,16,No
800507,alto,medio_bajo,bajo,alto,medio_alto,medio_alto,medio_bajo,alto,bajo,bajo,medio_alto,64,70,47,37,85,40,83,69,85,15,46,67,No
800508,medio,medio_bajo,medio,alto,alto,medio_alto,medio_alto,medio_alto,medio_alto,medio,bajo,30,30,70,70,15,54,73,29,49,58,32,79,No
800509,medio_alto,medio_bajo,medio_bajo,medio_alto,alto,medio_alto,alto,medio_bajo,medio_bajo,medio,medio_bajo,39,53,30,40,35,15,72,85,85,32,33,31,No
800510,medio,medio,bajo,medio_alto,medio_alto,alto,alto,bajo,alto,medio_alto,alto,70,30,53,30,62,79,80,15,85,22,92,20,No
800511,medio,medio,medio_bajo,medio_bajo,medio_alto,medio_bajo,medio,medio_bajo,medio_bajo,bajo,medio_alto,57,30,55,67,85,77,85,15,43,40,2,59,No
800512,medio_alto,alto,alto,medio_alto,bajo,medio_alto,bajo,medio_bajo,medio_bajo,medio_bajo,bajo,30,38,70,30,85,37,72,15,55,85,44,15,No
800513,medio,medio,alto,medio_bajo,bajo,medio,medio_alto,alto,bajo,medio,alto,70,30,66,70,56,63,15,15,85,37,39,68,No
800514,medio,medio,medio,medio,medio,alto,medio_bajo,medio_bajo,medio,bajo,medio_bajo,70,70,30,70,43,27,29,36,19,76,22,45,No
800515,medio_bajo,medio_alto,medio_alto,medio_bajo,bajo,medio_bajo,medio,alto,bajo,medio_bajo,bajo,30,35,42,41,85,85,78,85,55,85,52,25,No
800516,medio_alto,medio_alto,medio,bajo,bajo,alto,medio,medio_bajo,alto,medio_bajo,alto,30,70,56,52,50,25,85,15,15,85,33,15,No
800517,medio,alto,medio,alto,medio_alto,alto,medio,medio_bajo,medio,alto,medio,30,30,41,70,37,15,70,37,49,75,94,66,No
800518,medio,bajo,medio,bajo,bajo,bajo,medio,medio_alto,alto,alto,medio,70,30,30,58,61,62,58,33,44,21,69,85,No
800519,medio_bajo,medio,medio,medio,bajo,medio,medio,bajo,bajo,bajo,medio,70,55,30,70,49,85,85,85,15,53,8,15,No
800520,bajo,bajo,bajo,medio_alto,alto,medio_alto,alto,alto,bajo,medio,bajo,30,30,30,56,33,15,55,78,85,68,80,15,No
800521,alto,medio_bajo,medio_alto,medio_alto,bajo,medio_alto,alto,medio_alto,medio,medio_bajo,medio_bajo,70,30,56,30,85,65,15,15,39,85,5,15,No
800522,medio,medio_bajo,alto,medio,alto,medio_bajo,medio_bajo,medio,medio_alto,bajo,alto,30,70,39,39,84,85,15,85,63,61,19,15,No
800523,medio_bajo,medio,bajo,bajo,medio_alto,bajo,alto,medio_bajo,alto,alto,bajo,70,70,51,30,64,69,42,22,62,82,72,17,No
800524,medio_alto,medio_alto,medio,alto,medio,medio,alto,bajo,alto,medio_alto,medio_bajo,30,70,30,70,67,64,50,79,59,15,36,79,No
800525,medio_alto,medio_alto,medio_alto,bajo,bajo,medio_alto,medio,medio,medio,medio_bajo,alto,70,30,70,68,31,17,48,15,69,62,56,37,Yes
800526,medio,medio,medio_bajo,bajo,medio,alto,medio,medio_bajo,medio_bajo,medio,medio_alto,59,30,35,66,66,23,64,18,82,85,99,15,No
800527,bajo,alto,medio_bajo,medio_bajo,medio_alto,medio,bajo,bajo,medio_bajo,bajo,medio,65,31,70,30,16,46,32,69,16,15,98,32,No
800528,medio,medio_alto,medio_alto,medio_bajo,bajo,medio_bajo,bajo,medio_alto,alto,medio,bajo,47,30,70,41,15,59,85,19,45,47,73,85,No
800529,alto,alto,medio,medio_bajo,bajo,medio_bajo,alto,alto,bajo,alto,medio_alto,70,70,67,68,25,22,85,15,53,16,71,85,No
800530,medio,medio_alto,medio,alto,bajo,medio_alto,medio,medio,medio_bajo,medio,medio_bajo,38,30,70,30,51,39,57,77,21,82,12,65,No
800531,alto,bajo,bajo,alto,medio,alto,bajo,medio_alto,medio_alto,alto,medio_bajo,70,36,69,65,33,31,85,85,15,35,89,77,No
800532,medio,medio_bajo,alto,medio_bajo,medio_alto,alto,medio_bajo,medio,medio_alto,medio_alto,bajo,70,30,30,50,32,15,50,46,51,85,8,85,No
800533,medio,medio_alto,medio_alto,bajo,medio_alto,alto,medio_alto,alto,medio_bajo,medio_alto,alto,66,46,67,65,55,82,85,85,69,66,84,66,No
800534,medio_bajo,medio_alto,medio,medio_alto,medio_alto,medio,medio_alto,bajo,medio_bajo,alto,medio,70,30,30,30,15,52,33,85,82,26,75,85,No
800535,medio_bajo,alto,medio_bajo,medio,medio,bajo,medio_bajo,bajo,medio,bajo,bajo,70,57,30,30,85,15,85,59,68,85,59,15,No
800536,alto,medio_bajo,medio_alto,bajo,bajo,medio,medio_bajo,medio,medio,medio,alto,70,40,47,46,43,25,52,68,69,24,67,41,No
800537,bajo,alto,bajo,medio_bajo,bajo,medio_bajo,alto,bajo,bajo,bajo,alto,41,30,30,70,15,37,85,85,73,71,14,15,No
800538,medio_alto,medio_bajo,medio_alto,medio,medio,medio_bajo,medio_bajo,medio_bajo,bajo,bajo,medio_bajo,70,67,37,70,25,17,76,15,15,33,51,77,No
800539,medio_alto,medio_bajo,medio_bajo,medio_alto,medio,medio,medio_bajo,alto,medio_bajo,bajo,medio_bajo,58,34,41,57,85,85,15,47,35,15,91,15,No
800540,medio,alto,alto,medio_alto,medio,alto,bajo,bajo,medio_alto,medio_alto,alto,60,70,62,70,66,46,33,50,15,40,4,65,No
800541,medio,medio_alto,bajo,medio_alto,alto,medio_bajo,medio,alto,bajo,medio_bajo,bajo,60,62,38,46,82,50,15,15,33,48,11,64,No
800542,bajo,alto,medio,medio_alto,medio_bajo,medio,medio_bajo,bajo,medio_bajo,medio_alto,medio_alto,30,70,55,66,15,15,71,26,15,85,4,15,No
800543,bajo,medio_alto,bajo,medio_bajo,medio,bajo,medio,medio,medio,medio_alto,medio,70,43,70,62,83,15,85,75,57,15,37,23,No
800544,alto,alto,bajo,bajo,alto,medio_bajo,bajo,medio_alto,bajo,alto,medio_alto,30,70,30,68,35,15,85,17,16,15,100,34,No
800545,medio,alto,medio_bajo,bajo,medio_alto,medio_alto,bajo,alto,medio,medio_bajo,medio_bajo,70,30,70,30,15,85,53,41,65,25,7,70,No
800546,alto,alto,medio_alto,alto,medio,medio_bajo,bajo,alto,medio,medio_bajo,medio_alto,70,70,45,70,57,85,46,60,85,50,23,54,No
800547,bajo,medio_alto,medio_alto,medio_bajo,medio,alto,medio_alto,medio_alto,medio_bajo,alto,alto,70,36,41,70,74,61,78,85,17,61,57,69,No
800548,medio_bajo,medio_alto,bajo,medio,medio_bajo,medio_bajo,medio_bajo,bajo,bajo,alto,bajo,30,30,30,45,31,78,78,44,30,42,14,69,No
800549,medio_alto,bajo,alto,medio,medio_bajo,bajo,medio_bajo,alto,bajo,medio_bajo,medio_alto,30,70,70,30,69,38,48,30,85,76,33,26,No
800550,bajo,medio_alto,medio_bajo,alto,bajo,alto,medio_bajo,medio_alto,medio_alto,medio,alto,70,38,52,30,62,49,85,85,79,85,18,79,No
800551,medio_alto,bajo,bajo,alto,bajo,medio,bajo,medio_alto,alto,medio_alto,bajo,33,51,52,70,42,59,71,46,85,15,1,59,No
800552,medio,bajo,medio_alto,medio,medio_bajo,medio_bajo,medio_alto,alto,bajo,alto,bajo,70,70,70,70,76,85,81,76,45,62,13,54,No
800553,medio,alto,alto,medio_alto,alto,medio,bajo,bajo,medio_alto,bajo,medio_bajo,34,30,30,30,85,15,15,39,24,42,35,74,No
800554,medio_alto,medio,medio_alto,medio_bajo,medio_alto,bajo,medio_alto,medio,alto,medio_alto,medio_alto,70,70,30,48,47,15,37,79,20,18,73,62,No
800555,medio,alto,alto,alto,bajo,medio_alto,bajo,alto,medio,medio_alto,medio_bajo,51,54,30,70,66,85,49,85,85,22,1,33,No
800556,medio_alto,medio_alto,medio,alto,medio_bajo,bajo,medio_alto,medio_bajo,medio_bajo,medio_bajo,bajo,38,63,64,54,41,15,33,30,85,72,69,49,No
800557,medio_alto,alto,medio_alto,medio_bajo,medio,medio,bajo,medio_bajo,medio_bajo,medio,medio_bajo,70,60,48,30,60,63,15,51,85,62,26,82,No
800558,medio_bajo,medio,medio_bajo,medio,alto,alto,medio_bajo,medio_alto,alto,medio_bajo,medio,40,33,30,70,15,66,85,34,38,25,54,30,No
800559,medio,medio_bajo,medio,bajo,medio_alto,medio_alto,medio_alto,medio_bajo,alto,medio,bajo,43,40,30,30,35,41,15,55,49,85,25,15,No
800560,medio_alto,alto,medio_bajo,medio_bajo,medio_bajo,medio_bajo,bajo,medio_alto,bajo,medio_alto,bajo,30,70,70,30,39,29,32,66,15,39,24,49,No
800561,medio_alto,medio,bajo,medio,alto,medio_bajo,medio,alto,medio_alto,bajo,medio_bajo,30,30,41,47,15,22,76,73,24,15,63,22,No
800562,alto,bajo,medio_alto,bajo,medio,bajo,medio_bajo,medio_bajo,medio_bajo,alto,medio,70,61,69,37,70,67,75,85,62,47,49,15,No
800563,bajo,medio,bajo,medio,medio_bajo,medio_bajo,medio_alto,medio,alto,medio_bajo,medio_alto,70,60,70,30,85,85,21,54,50,85,29,42,No
800564,bajo,medio,bajo,bajo,bajo,bajo,medio,medio_alto,medio,alto,medio,30,70,30,69,25,49,85,20,15,79,64,59,No
800565,alto,medio,medio_alto,bajo,medio,medio_bajo,medio,medio_alto,alto,alto,medio,70,37,70,70,77,15,50,85,68,85,64,23,No
800566,alto,medio_bajo,medio,medio,medio,medio_bajo,medio,bajo,bajo,bajo,medio_bajo,53,30,70,48,18,15,29,17,75,36,94,39,No
800567,alto,medio_alto,medio_alto,medio_bajo,bajo,medio,bajo,medio_bajo,bajo,alto,medio_bajo,30,70,70,46,85,85,54,85,85,85,95,63,No
800568,bajo,alto,medio_bajo,alto,bajo,medio_bajo,medio_alto,medio,medio_alto,bajo,bajo,64,30,30,30,68,15,85,15,49,38,2,23,No
800569,medio_bajo,medio,medio_bajo,medio_bajo,medio,medio_alto,medio,medio_bajo,medio,bajo,alto,30,66,44,63,15,31,85,30,15,15,34,60,No
800570,bajo,alto,medio_bajo,medio_bajo,medio,medio,medio,bajo,bajo,medio_alto,alto,59,30,30,70,15,50,25,48,74,15,34,59,No
800571,bajo,medio_alto,medio_alto,medio_bajo,alto,bajo,medio,bajo,medio_alto,alto,medio_alto,30,36,30,66,67,73,20,24,85,30,8,15,No
800572,medio,bajo,medio,bajo,medio_alto,medio,bajo,bajo,medio,medio,alto,70,70,30,70,38,42,15,48,47,26,53,15,No
800573,alto,medio_bajo,bajo,medio_bajo,alto,alto,medio_alto,medio_alto,medio,medio_bajo,medio,51,34,30,61,79,15,39,33,26,39,49,85,Yes
800574,medio_alto,medio_alto,alto,bajo,medio_bajo,alto,bajo,alto,medio_bajo,bajo,alto,70,70,43,55,34,85,58,24,56,50,12,32,No
800575,alto,medio_alto,bajo,bajo,medio,alto,medio,medio_bajo,medio_alto,alto,alto,35,70,70,55,24,85,15,20,70,85,42,52,No
800576,medio_bajo,medio_bajo,bajo,medio,medio_alto,alto,medio_bajo,medio_bajo,medio_bajo,medio_bajo,medio_bajo,30,70,54,44,24,64,85,83,44,78,3,15,No
800577,medio,medio_bajo,medio,medio,medio_alto,alto,medio_alto,medio,bajo,medio_bajo,bajo,47,70,46,36,62,84,17,70,15,39,84,21,No
800578,alto,medio_alto,medio,medio_bajo,medio_bajo,bajo,medio_alto,medio_bajo,medio_bajo,medio_bajo,medio_bajo,70,30,59,56,75,35,60,24,70,58,64,31,No
800579,alto,bajo,medio,medio_alto,alto,alto,bajo,medio_bajo,alto,medio_bajo,medio,55,70,30,63,85,26,33,34,85,61,81,85,No
800580,medio_bajo,medio_alto,medio,medio_bajo,bajo,alto,medio_bajo,bajo,alto,bajo,medio,70,30,70,70,40,56,15,20,76,15,46,16,No
800581,alto,medio_alto,alto,medio_bajo,medio,bajo,medio_alto,bajo,alto,bajo,medio_bajo,49,30,56,42,15,15,50,72,85,16,19,15,No
800582,medio,bajo,bajo,medio_bajo,bajo,medio_bajo,bajo,alto,medio_bajo,bajo,alto,30,52,62,70,50,59,19,56,30,19,67,70,No
800583,medio_alto,alto,bajo,bajo,medio,medio_alto,alto,bajo,medio_bajo,alto,medio_bajo,70,30,70,57,45,23,55,15,40,15,29,15,No
800584,medio,medio_alto,medio_alto,bajo,alto,medio_alto,bajo,medio_bajo,bajo,bajo,medio_bajo,51,70,69,41,53,79,82,19,40,42,74,70,No
800585,bajo,bajo,alto,medio_bajo,medio_bajo,medio_bajo,medio,bajo,medio_bajo,bajo,medio,30,56,57,32,15,15,31,54,39,29,50,39,No
800586,medio_alto,medio_alto,medio_bajo,alto,bajo,alto,bajo,medio,alto,medio_bajo,medio,39,70,58,70,30,83,15,85,26,67,12,15,No
800587,medio_bajo,medio,bajo,medio_alto,bajo,medio,medio,medio,bajo,medio_bajo,medio,56,70,30,66,52,47,70,15,85,18,58,68,No
800588,alto,medio_alto,medio,alto,medio_bajo,medio_alto,medio_alto,bajo,medio,bajo,medio_alto,62,31,60,70,66,55,54,18,15,70,72,15,No
800589,alto,alto,medio_bajo,alto,bajo,medio_alto,medio,alto,medio,medio_alto,alto,30,70,49,70,85,24,85,37,73,42,83,26,No
800590,medio_bajo,medio_alto,medio_alto,medio,alto,medio,medio,medio,bajo,bajo,medio_bajo,70,30,63,30,72,48,59,15,85,21,91,15,No
800591,medio_alto,bajo,bajo,medio,medio,bajo,medio_alto,medio,medio,medio,bajo,70,70,70,49,78,25,85,22,33,38,60,17,No
800592,bajo,medio,medio_alto,medio_bajo,alto,medio,alto,medio,medio,alto,medio,70,55,46,70,15,39,61,85,81,43,14,47,No
800593,bajo,bajo,medio_bajo,medio,medio_bajo,medio,alto,medio,medio,medio_alto,medio,49,58,30,30,21,15,85,45,63,15,8,81,No
800594,medio,medio,alto,medio_bajo,medio,alto,bajo,medio,medio_bajo,medio_bajo,medio_bajo,70,70,51,37,15,20,42,85,70,78,85,53,No
800595,medio,alto,medio_bajo,alto,medio,medio,bajo,alto,medio_alto,medio_bajo,medio,70,56,63,47,83,56,85,15,32,50,45,85,No
800596,medio_alto,medio_bajo,bajo,medio_bajo,alto,alto,medio,medio,medio,medio_bajo,medio_alto,70,57,70,70,83,83,76,15,52,67,54,85,No
800597,medio_alto,medio_alto,bajo,medio,medio,medio_bajo,medio_bajo,medio_bajo,medio_alto,bajo,medio_alto,62,39,46,30,45,16,17,20,42,41,99,15,No
800598,bajo,bajo,medio_alto,bajo,alto,medio_alto,medio,medio_bajo,medio_alto,bajo,bajo,70,38,70,50,20,32,15,65,68,75,51,15,No
800599,medio_bajo,medio,bajo,medio_alto,bajo,medio_alto,medio_bajo,bajo,medio_alto,bajo,medio,51,63,70,70,15,85,29,15,15,62,74,15,No
800600,alto,medio,medio,alto,alto,medio_alto,bajo,bajo,medio,medio_bajo,medio,56,60,70,30,51,21,46,25,85,85,51,78,No
800601,medio,alto,medio_alto,medio_alto,alto,alto,medio,medio,medio_bajo,medio_bajo,medio_bajo,50,70,51,62,85,30,39,45,37,57,75,81,No
800602,bajo,bajo,medio_bajo,medio,bajo,bajo,medio_bajo,bajo,medio,medio,medio_bajo,66,31,31,70,55,67,59,82,34,29,80,17,No
800603,medio_bajo,bajo,medio,alto,medio,medio_bajo,bajo,alto,medio,medio,medio_bajo,30,58,63,61,49,55,65,27,31,49,16,64,No
800604,bajo,bajo,bajo,medio_bajo,medio,medio,bajo,bajo,medio_alto,medio_bajo,alto,31,30,61,42,41,85,85,85,15,61,92,51,No
800605,medio,medio_alto,medio_alto,medio_alto,medio,medio_bajo,bajo,bajo,medio_bajo,bajo,alto,70,30,70,70,25,84,63,15,85,15,66,28,No
800606,medio_alto,bajo,medio_bajo,medio_bajo,alto,alto,medio_bajo,medio,medio,alto,bajo,68,70,30,68,76,52,77,85,34,15,16,83,No
800607,bajo,alto,medio,medio_bajo,medio_alto,bajo,medio_alto,medio,medio,alto,alto,30,45,30,60,23,49,38,31,15,45,59,85,No
800608,medio_alto,alto,medio,medio_bajo,medio_alto,alto,medio_bajo,bajo,bajo,medio_alto,medio_bajo,30,46,30,47,41,59,25,85,79,22,83,15,No
800609,medio_alto,bajo,medio_alto,medio,medio,bajo,bajo,alto,medio_alto,bajo,medio,58,70,70,30,26,47,74,42,30,16,50,53,No
800610,medio,medio,bajo,medio_bajo,alto,alto,bajo,medio_alto,bajo,alto,medio_alto,57,30,70,38,15,15,85,30,85,15,62,78,No
800611,medio,medio,bajo,bajo,bajo,medio,medio_alto,medio_bajo,alto,bajo,medio,70,30,70,30,79,46,79,15,19,38,93,16,No
800612,alto,alto,medio,medio_bajo,alto,bajo,medio_bajo,bajo,medio,medio_alto,medio,53,30,30,30,74,84,15,84,15,41,41,35,No
800613,bajo,bajo,medio,alto,medio_alto,medio_bajo,medio_bajo,medio_bajo,bajo,alto,medio_bajo,32,70,70,70,81,17,15,15,31,33,81,50,No
800614,medio,bajo,medio_alto,alto,bajo,medio_alto,medio_bajo,medio_bajo,bajo,alto,medio,40,30,70,70,15,85,85,60,83,38,3,53,No
800615,bajo,medio,medio_bajo,medio_bajo,bajo,medio_alto,medio_alto,medio_bajo,alto,medio,medio_bajo,30,30,30,30,63,15,40,85,73,60,79,85,No
800616,bajo,medio_bajo,bajo,medio_alto,medio_alto,medio,bajo,bajo,alto,alto,medio_alto,62,51,70,67,60,28,49,61,61,74,60,21,No
800617,bajo,alto,medio_bajo,alto,alto,medio_alto,medio_bajo,alto,medio,bajo,medio_bajo,30,39,30,30,55,15,84,42,15,15,73,38,Yes
800618,medio,medio,bajo,medio_alto,medio_bajo,alto,medio_alto,bajo,medio_bajo,medio_alto,medio,30,70,30,30,15,85,58,58,36,61,12,47,No
800619,medio_bajo,medio_alto,bajo,medio,medio_bajo,bajo,medio_alto,alto,medio,medio,medio,55,49,66,46,60,47,85,57,74,66,54,50,No
800620,medio,medio_alto,medio_bajo,medio,bajo,bajo,bajo,medio,medio,alto,bajo,30,30,70,70,78,45,85,47,31,63,14,15,No
800621,medio,bajo,alto,medio_bajo,medio_alto,alto,alto,medio_bajo,bajo,medio_bajo,medio,30,64,52,30,43,85,50,23,65,85,90,37,No
800622,medio_bajo,alto,medio_bajo,alto,medio_alto,medio_bajo,medio,bajo,alto,alto,medio_bajo,52,65,70,30,20,15,59,83,63,85,57,47,No
800623,bajo,bajo,medio_bajo,medio,alto,alto,medio_bajo,alto,bajo,bajo,medio_alto,52,58,57,70,30,56,85,80,65,18,54,33,No
800624,medio,medio_alto,alto,medio_alto,bajo,medio_alto,medio,medio_alto,alto,alto,medio,70,70,37,30,85,85,77,35,62,50,100,15,Yes
800625,bajo,medio,bajo,alto,medio_alto,medio_alto,medio_alto,medio,bajo,alto,medio_bajo,57,70,70,50,15,56,22,47,85,46,89,42,No
800626,medio_bajo,medio_alto,medio_bajo,medio,medio_bajo,medio,medio_alto,medio_alto,bajo,bajo,medio_alto,70,33,57,30,20,84,35,46,80,38,45,35,No
800627,medio,medio,bajo,bajo,medio,medio_alto,medio,medio_bajo,medio_bajo,medio_alto,medio_bajo,30,63,70,34,21,75,40,85,29,82,63,50,No
800628,medio_alto,medio_alto,medio_alto,medio,medio,bajo,medio_alto,medio_bajo,bajo,medio_bajo,medio_bajo,30,43,70,30,46,85,66,50,54,37,61,23,No
800629,medio_bajo,bajo,medio,alto,medio_alto,bajo,bajo,medio,medio_alto,medio_bajo,medio,60,70,47,58,75,85,33,43,66,47,28,85,No
800630,bajo,bajo,bajo,alto,medio_alto,medio_bajo,alto,medio,bajo,bajo,medio_alto,68,70,58,30,85,41,78,30,74,15,8,15,No
800631,medio_bajo,bajo,medio,medio,medio,medio_bajo,medio,alto,medio,medio,bajo,70,61,32,62,15,43,69,47,82,35,28,21,No
800632,medio,alto,alto,medio,bajo,bajo,medio_bajo,medio_alto,medio,medio,bajo,70,70,70,70,46,85,85,35,46,36,60,85,No
800633,medio,bajo,alto,medio,alto,bajo,medio_alto,medio,alto,medio_bajo,alto,70,44,30,64,27,69,15,15,15,15,66,73,No
800634,medio,bajo,bajo,medio_bajo,medio,bajo,alto,alto,medio_bajo,medio_bajo,alto,65,30,70,51,85,15,15,84,27,15,35,38,No
800635,alto,medio,bajo,alto,bajo,medio_alto,alto,medio,medio_alto,medio,medio_alto,30,30,32,70,85,38,15,68,49,85,20,48,No
800636,medio_bajo,alto,alto,bajo,bajo,medio_alto,medio_bajo,medio_bajo,medio_alto,medio_alto,medio_alto,35,33,70,30,85,15,15,15,39,72,54,42,No
800637,medio,medio_bajo,alto,alto,bajo,medio,alto,bajo,medio_alto,medio,medio,50,70,65,68,59,59,74,15,85,21,77,85,No
800638,medio_alto,alto,medio_bajo,alto,medio_bajo,medio,medio_alto,alto,alto,alto,medio_alto,70,30,70,70,67,34,25,40,68,79,23,15,No
800639,medio_alto,medio_bajo,medio,medio,medio,medio,medio_bajo,bajo,medio,medio_bajo,medio,45,70,30,42,75,30,37,32,72,48,30,68,No
800640,medio_bajo,medio_bajo,medio_alto,bajo,bajo,alto,medio_bajo,medio_alto,alto,medio_bajo,medio,32,70,30,30,38,31,38,69,28,83,26,65,No
800641,medio,bajo,medio_bajo,alto,alto,medio_bajo,alto,medio,bajo,medio,alto,70,68,30,70,15,75,18,42,85,84,83,40,No
800642,alto,alto,medio,medio_alto,medio_bajo,medio_bajo,medio,bajo,medio_alto,bajo,alto,41,43,50,30,31,29,15,34,83,76,86,71,No
800643,medio_alto,alto,medio_bajo,medio,medio,medio,medio,medio,medio,medio_alto,medio_alto,65,30,30,30,53,39,15,85,21,22,6,31,No
800644,alto,alto,medio_alto,alto,medio,bajo,medio,medio_bajo,medio,alto,medio_bajo,67,70,69,45,75,40,15,19,79,73,29,85,No
800645,medio_bajo,alto,medio_bajo,medio_bajo,medio_alto,medio_alto,medio_alto,medio_bajo,bajo,medio,bajo,30,70,59,37,16,20,15,39,48,15,9,41,No
800646,medio_alto,medio_bajo,medio_bajo,medio_alto,medio_bajo,alto,alto,medio,bajo,medio,medio,70,70,32,30,38,15,68,24,58,60,28,15,No
800647,medio_alto,medio_alto,medio_alto,medio_bajo,medio,alto,medio_alto,alto,medio_alto,medio_alto,bajo,58,70,49,70,70,55,85,23,85,81,19,35,No
800648,medio_alto,alto,alto,alto,medio,medio,medio_bajo,alto,medio,medio,medio,41,52,42,37,76,32,65,58,77,44,73,59,No
800649,alto,medio_alto,alto,medio_alto,medio_alto,bajo,alto,medio_bajo,medio_alto,bajo,medio_bajo,30,70,41,62,75,15,85,60,67,58,69,58,No
800650,medio_bajo,medio_bajo,bajo,medio_bajo,bajo,medio_alto,medio_alto,medio_alto,medio_alto,medio_alto,bajo,61,30,70,30,85,36,41,15,51,15,31,85,No
800651,medio,medio_alto,medio_bajo,bajo,medio_alto,medio_alto,medio_bajo,alto,alto,medio_alto,medio_bajo,70,63,59,38,15,46,85,47,30,29,100,57,No
800652,medio_alto,medio_bajo,medio_bajo,medio_alto,alto,medio_bajo,bajo,alto,medio_bajo,alto,bajo,57,70,70,30,15,38,23,15,20,25,26,54,No
800653,bajo,medio_bajo,alto,bajo,bajo,bajo,bajo,bajo,bajo,medio_alto,alto,54,39,30,69,37,15,22,66,71,49,95,85,No
800654,medio_bajo,bajo,medio,medio_alto,medio_alto,medio_alto,bajo,medio_alto,alto,alto,alto,30,65,30,66,15,70,36,15,57,51,55,85,No
800655,medio_alto,medio_alto,medio_alto,alto,alto,alto,bajo,alto,bajo,bajo,bajo,66,30,50,56,15,48,85,29,17,41,36,27,No
800656,medio_alto,bajo,bajo,medio,bajo,medio_alto,bajo,alto,alto,medio_bajo,alto,70,30,41,50,26,60,52,83,15,15,24,16,No
800657,alto,medio_alto,medio_bajo,medio_bajo,medio_bajo,medio_alto,alto,medio_alto,medio,medio,alto,70,30,70,49,76,72,54,54,69,85,75,66,No
800658,bajo,bajo,medio_alto,medio_alto,bajo,medio_bajo,medio,medio_alto,medio_bajo,medio_alto,bajo,70,70,30,30,85,85,42,85,40,82,10,18,No
800659,medio_bajo,alto,medio,bajo,bajo,alto,medio,bajo,alto,medio_alto,bajo,70,43,30,30,52,82,84,15,21,15,55,85,No
800660,medio,medio,alto,alto,alto,alto,alto,medio,alto,bajo,bajo,49,40,35,63,63,20,15,18,49,85,64,46,No
800661,medio,alto,medio_bajo,alto,bajo,medio_bajo,medio_bajo,medio,medio_bajo,medio,medio,60,70,50,62,21,53,85,85,15,15,21,15,No
800662,medio_bajo,medio_bajo,medio,medio_alto,medio,medio_bajo,medio_alto,medio_alto,medio_alto,medio_bajo,alto,30,30,30,30,77,40,57,33,62,83,26,15,No
800663,medio,medio_alto,bajo,medio_alto,medio_bajo,medio,medio,medio_bajo,medio_bajo,bajo,medio_bajo,70,70,70,43,61,70,47,15,22,71,68,59,No
800664,medio_bajo,medio,medio_bajo,medio_alto,medio_bajo,medio_bajo,medio_alto,medio,medio,medio_alto,medio_bajo,30,42,30,66,15,53,19,63,15,18,45,57,No
800665,medio,bajo,medio_bajo,medio_bajo,medio_bajo,medio_bajo,medio,medio_alto,alto,alto,medio,61,35,70,70,75,85,15,60,85,66,3,58,Yes
800666,medio_alto,medio,medio_alto,medio_bajo,alto,medio_alto,medio,medio_alto,medio,bajo,medio,42,35,30,30,50,24,28,33,85,71,31,28,No
800667,bajo,medio,bajo,alto,medio,medio_alto,alto,medio_bajo,alto,bajo,medio_bajo,70,70,57,41,15,34,68,15,85,15,83,15,No
800668,medio,medio_alto,medio,medio,medio_alto,bajo,medio_alto,alto,medio_bajo,medio_bajo,alto,70,30,33,43,85,33,54,15,15,21,73,48,No
800669,bajo,medio_alto,medio,alto,medio_bajo,alto,medio,medio_alto,alto,alto,medio_bajo,30,70,43,60,15,72,18,85,20,79,87,75,No
800670,medio_bajo,alto,medio,bajo,medio,medio,medio,medio_alto,bajo,medio_alto,medio,52,34,30,30,58,47,63,79,75,85,68,15,No
800671,medio_bajo,bajo,medio_alto,alto,medio_bajo,alto,alto,bajo,medio_alto,medio_alto,medio_bajo,30,30,38,58,85,31,85,15,48,85,20,75,No
800672,medio_alto,medio_bajo,bajo,bajo,medio_bajo,alto,bajo,medio_alto,bajo,medio_bajo,medio,49,70,30,55,51,85,81,49,15,84,46,15,No
800673,alto,medio_bajo,medio_alto,medio_alto,medio,medio,bajo,bajo,medio,bajo,bajo,55,30,67,40,24,43,76,54,15,47,98,27,No
800674,medio_bajo,medio,medio_bajo,alto,medio_alto,bajo,medio_bajo,alto,medio_bajo,medio_alto,medio_alto,70,48,70,63,15,67,29,67,63,15,95,85,No
800675,medio,bajo,medio_bajo,medio,medio,medio,medio_bajo,medio_alto,medio_alto,bajo,bajo,60,58,30,62,85,82,18,42,84,80,70,63,No
800676,medio,bajo,bajo,medio_bajo,medio,medio,medio,bajo,bajo,medio,alto,70,55,65,55,85,60,61,76,46,29,86,81,No
800677,medio,alto,alto,bajo,medio_alto,medio,medio_alto,bajo,medio_alto,medio,medio,30,69,70,64,29,74,85,85,81,15,51,85,No
800678,medio_alto,medio,bajo,medio,bajo,medio,medio_alto,medio_alto,alto,bajo,bajo,30,30,61,30,53,33,28,15,15,72,59,36,No
800679,medio_alto,bajo,medio,alto,bajo,alto,bajo,bajo,alto,medio_bajo,medio_bajo,53,42,70,70,20,67,15,66,66,71,89,45,No
800680,medio_bajo,medio_alto,bajo,medio_alto,medio,medio,medio,alto,bajo,medio_bajo,medio,53,69,40,61,29,67,29,53,49,22,28,67,No
800681,alto,medio_bajo,medio,medio,alto,bajo,medio_bajo,medio_alto,medio,bajo,medio_alto,52,70,53,30,52,41,27,79,53,48,32,30,No
800682,medio,medio_bajo,medio_bajo,medio_bajo,medio,alto,bajo,medio_bajo,bajo,medio,bajo,43,30,64,30,85,51,66,31,55,66,62,62,No
800683,alto,medio,medio_bajo,medio_alto,medio_alto,medio_bajo,alto,medio_alto,medio_bajo,medio,alto,30,30,70,30,18,59,83,21,68,85,26,35,No
800684,medio,medio,medio_alto,medio,medio_bajo,bajo,alto,bajo,medio_bajo,medio_bajo,medio,62,30,52,53,85,48,29,69,15,61,45,57,No
800685,bajo,alto,medio_bajo,bajo,medio_bajo,medio_alto,alto,bajo,medio_alto,medio_alto,medio,66,30,57,70,19,17,54,15,15,48,28,45,No
800686,bajo,bajo,medio_alto,medio,medio_bajo,medio_bajo,medio,alto,medio,medio_alto,medio,30,30,70,70,85,15,17,75,79,32,81,77,No
800687,alto,medio_alto,alto,medio_alto,alto,medio_bajo,medio_bajo,medio_bajo,medio_bajo,alto,medio,69,47,53,30,67,34,15,80,85,85,16,67,No
800688,medio,medio_bajo,medio_bajo,medio_alto,medio_bajo,bajo,medio_alto,medio_alto,alto,alto,medio_alto,70,44,35,30,67,85,26,61,85,85,47,79,No
800689,alto,bajo,medio_bajo,alto,bajo,alto,alto,bajo,medio_bajo,bajo,medio_alto,70,30,34,59,76,66,30,36,15,15,10,50,No
800690,alto,medio_alto,alto,bajo,medio_alto,medio,alto,medio_bajo,medio_bajo,medio,medio_bajo,70,67,70,56,81,30,85,27,30,15,92,15,No
800691,bajo,alto,medio,medio_bajo,medio_bajo,bajo,bajo,alto,alto,bajo,medio_alto,70,70,58,57,44,37,15,65,15,15,26,51,No
800692,medio,bajo,alto,bajo,alto,alto,medio_bajo,medio_alto,bajo,bajo,alto,70,55,70,37,15,29,81,85,31,85,50,15,No
800693,alto,medio_alto,medio_alto,medio_bajo,medio_alto,medio_bajo,alto,medio_bajo,alto,bajo,medio,70,49,70,42,58,42,46,15,78,15,2,15,No
800694,medio_bajo,medio_alto,medio,medio_alto,medio_bajo,medio_bajo,medio_alto,medio_bajo,medio,medio_alto,medio,63,70,70,50,15,57,64,20,85,84,44,20,No
800695,medio,medio,alto,medio,alto,medio,medio,alto,medio_alto,alto,bajo,70,38,61,30,49,60,85,78,49,34,8,43,No
800696,medio,medio_bajo,medio,bajo,medio_alto,medio_alto,alto,medio_alto,medio_alto,medio_alto,medio_alto,70,43,70,30,22,23,85,75,38,85,76,29,No
800697,medio_bajo,medio_bajo,medio_bajo,alto,medio_alto,alto,medio_bajo,bajo,bajo,medio,medio_alto,70,70,52,30,54,46,69,85,34,64,82,15,No
800698,medio_alto,alto,medio,medio,bajo,medio_bajo,alto,medio,medio_bajo,medio_alto,bajo,49,38,42,63,22,54,68,59,85,15,47,15,No
800699,medio,medio,medio,alto,bajo,medio_alto,alto,alto,medio,alto,alto,70,31,60,30,55,85,85,69,60,57,53,23,No
800700,alto,medio,medio,medio_alto,medio,medio_bajo,medio,medio_alto,alto,bajo,bajo,70,35,30,70,34,41,48,52,24,15,57,85,No
800701,alto,alto,medio_bajo,medio_alto,bajo,medio,alto,medio_alto,medio,bajo,bajo,53,52,30,70,63,15,38,35,65,39,38,15,Yes
800702,medio_bajo,medio_alto,alto,medio,bajo,medio,medio_alto,medio_bajo,bajo,alto,alto,70,30,47,30,20,53,15,42,15,26,51,49,No
800703,medio_alto,bajo,medio_bajo,medio_bajo,medio,medio_bajo,alto,medio_alto,medio_bajo,medio_bajo,bajo,30,65,52,70,42,51,80,85,85,55,20,63,No
800704,medio,medio_bajo,bajo,medio_bajo,medio_alto,medio,alto,medio_bajo,medio_bajo,bajo,bajo,30,30,70,70,85,53,17,46,81,15,93,43,No
800705,medio_bajo,medio_bajo,medio_bajo,medio_bajo,bajo,bajo,bajo,alto,medio_bajo,medio_alto,bajo,31,42,70,30,43,59,85,85,15,29,49,81,No
800706,medio,alto,bajo,medio_bajo,medio_bajo,medio_bajo,bajo,medio_bajo,alto,alto,medio_bajo,30,51,70,30,69,53,56,26,85,83,8,48,No
800707,alto,medio,medio_alto,medio,medio_bajo,medio,alto,bajo,medio,medio_bajo,medio,70,70,30,47,29,36,62,80,59,66,3,54,No
800708,medio,bajo,medio_bajo,medio,medio_bajo,medio_bajo,medio,medio_alto,bajo,medio_alto,alto,37,30,52,47,52,15,83,52,70,85,21,68,No
800709,alto,medio_alto,medio_bajo,alto,bajo,medio_alto,alto,medio,medio,alto,medio,30,37,30,70,15,68,44,15,52,85,68,47,No
800710,medio_bajo,medio,medio,medio,medio_alto,medio_alto,bajo,alto,medio_alto,medio,bajo,70,70,30,30,64,85,85,40,85,85,74,85,No
800711,bajo,alto,bajo,medio_alto,medio_alto,alto,medio_bajo,medio_alto,alto,medio_alto,medio_alto,70,30,31,70,26,25,85,56,85,65,77,32,No
800712,medio_alto,medio_bajo,medio,bajo,medio,medio_alto,bajo,medio_bajo,medio,medio_bajo,medio_bajo,70,30,55,70,23,41,15,83,15,15,62,15,No
800713,medio,bajo,medio_alto,medio_bajo,bajo,bajo,alto,medio_alto,medio_bajo,bajo,medio_bajo,70,30,30,35,16,85,15,29,32,85,92,85,No
800714,medio_alto,medio_alto,bajo,bajo,alto,medio_alto,medio_bajo,medio_alto,alto,alto,medio_bajo,30,45,70,70,17,65,85,71,15,25,84,32,No
800715,medio,medio_alto,medio_alto,medio_alto,medio_alto,alto,bajo,alto,medio_alto,alto,medio_alto,70,70,70,43,85,55,15,85,15,37,62,23,Yes
800716,bajo,alto,alto,medio,medio_alto,medio,medio,medio_alto,medio_bajo,bajo,bajo,30,42,70,30,73,15,15,65,36,85,27,85,No
800717,alto,alto,medio_alto,bajo,alto,bajo,medio_bajo,alto,medio_bajo,alto,medio,70,30,70,70,38,85,17,39,79,81,97,52,No
800718,medio,medio,medio,medio,alto,bajo,medio_bajo,alto,medio,medio,alto,69,30,34,70,85,55,24,36,62,25,57,34,No
800719,bajo,bajo,alto,alto,bajo,medio_alto,bajo,alto,medio_bajo,bajo,alto,70,30,43,30,58,84,15,46,15,85,15,15,No
800720,medio,alto,alto,medio_bajo,medio_alto,bajo,alto,bajo,medio_bajo,bajo,alto,36,70,30,33,59,20,85,78,17,29,54,85,No
800721,medio_alto,medio,medio_bajo,alto,bajo,medio_bajo,medio_alto,medio_bajo,alto,medio_bajo,medio_bajo,36,57,61,70,66,59,21,85,48,84,30,49,No
800722,medio,alto,medio,alto,bajo,medio_bajo,medio_alto,alto,alto,medio_alto,alto,30,30,70,35,75,53,84,19,81,69,41,15,Yes
800723,medio,medio_bajo,alto,alto,medio,medio_bajo,alto,medio,bajo,medio_alto,bajo,70,39,59,30,41,15,17,46,27,43,2,56,No
800724,bajo,medio_alto,medio_alto,bajo,medio_bajo,medio,medio_bajo,medio_bajo,medio,bajo,medio_alto,30,30,42,44,80,25,81,15,19,18,29,76,No
800725,bajo,medio_bajo,medio_alto,medio_bajo,medio,bajo,medio_alto,medio,alto,medio_alto,alto,55,30,45,70,49,15,85,15,16,85,53,69,No
800726,medio_bajo,medio_alto,medio,bajo,bajo,medio_alto,medio_bajo,medio_bajo,medio,bajo,bajo,70,51,30,62,53,85,15,47,84,55,75,15,No
800727,alto,medio_bajo,medio_bajo,bajo,medio,medio,bajo,bajo,medio_bajo,medio_bajo,medio,30,70,41,30,20,27,48,68,30,85,54,85,No
800728,medio,medio,medio_alto,medio_bajo,alto,alto,alto,medio_bajo,medio_alto,medio_alto,bajo,70,70,49,33,28,48,42,85,49,60,36,15,No
800729,medio_bajo,medio,medio_bajo,medio_bajo,alto,medio_bajo,alto,alto,medio_bajo,bajo,medio_alto,37,70,70,61,85,15,30,74,59,25,45,15,No
800730,alto,alto,medio_alto,medio,medio_alto,bajo,alto,bajo,alto,medio_bajo,medio,70,30,70,70,85,85,71,61,22,60,8,28,No
800731,medio_bajo,medio,medio,alto,bajo,medio_alto,alto,medio,alto,bajo,medio_bajo,56,70,30,30,43,15,25,15,28,39,87,85,No
800732,medio,medio,medio_bajo,medio,bajo,medio_bajo,medio_alto,bajo,alto,medio,alto,37,42,53,70,84,15,47,66,84,50,33,24,No
800733,medio,medio_alto,medio,bajo,bajo,medio_alto,bajo,alto,bajo,bajo,bajo,70,30,70,70,85,85,53,70,85,48,83,52,No
800734,alto,medio,bajo,medio,medio,medio,alto,alto,medio,medio,bajo,30,40,70,30,15,39,62,79,45,15,60,15,No
800735,bajo,medio,medio_alto,medio,medio,medio_alto,medio,medio,medio_bajo,medio_bajo,alto,30,55,49,30,49,29,85,85,85,59,13,66,No
800736,medio_alto,medio,medio_bajo,medio_bajo,medio_bajo,bajo,medio_alto,medio_bajo,medio_bajo,medio_bajo,bajo,70,70,70,62,55,16,49,76,15,79,19,15,No
800737,medio,medio,alto,medio,bajo,bajo,medio,medio_bajo,medio_bajo,medio_alto,bajo,30,70,30,30,36,79,85,51,85,85,49,30,No
800738,medio_bajo,alto,bajo,bajo,bajo,medio_bajo,medio,medio_alto,medio_alto,alto,medio_alto,38,37,70,43,18,29,27,31,85,42,89,17,No
800739,medio_alto,alto,medio,medio_alto,medio_bajo,alto,bajo,medio_alto,medio,bajo,alto,30,62,70,30,85,81,65,85,51,79,17,85,No
800740,medio,medio,alto,bajo,bajo,medio_bajo,medio_alto,medio_alto,medio,alto,bajo,32,35,68,42,77,31,44,25,40,23,43,59,No
800741,medio_bajo,medio,medio_bajo,medio_alto,alto,alto,medio_bajo,bajo,medio_bajo,medio,alto,30,70,30,47,49,76,17,30,72,85,64,85,No
800742,medio_bajo,alto,medio,medio,medio_bajo,bajo,alto,medio_alto,medio,bajo,medio,42,70,30,39,15,15,15,18,24,85,1,66,No
800743,medio_alto,bajo,medio_bajo,medio_alto,alto,alto,bajo,medio,alto,bajo,medio_bajo,30,70,47,70,15,65,15,15,15,85,28,63,No
800744,medio_alto,medio,medio_bajo,medio_bajo,medio,medio,medio,medio,medio_alto,medio_alto,bajo,30,70,57,30,62,15,85,31,20,70,100,85,No
800745,bajo,medio_alto,alto,bajo,medio,alto,medio_alto,bajo,alto,medio,medio,40,70,54,70,15,35,15,62,47,73,58,15,No
800746,alto,alto,medio_bajo,medio_alto,bajo,medio,bajo,medio,alto,medio_bajo,alto,30,30,65,70,68,70,85,15,48,80,23,85,Yes
800747,alto,medio_bajo,alto,medio_bajo,medio_bajo,medio,medio_alto,medio_bajo,bajo,alto,medio,30,30,70,48,24,46,78,85,52,53,60,37,No
800748,medio,bajo,medio,medio_bajo,bajo,medio_bajo,bajo,medio_alto,medio_alto,medio,alto,53,70,62,55,54,67,81,85,85,36,36,55,No
800749,alto,bajo,alto,medio,bajo,medio_bajo,medio,medio,medio,medio_bajo,alto,70,30,70,60,27,73,35,15,15,73,14,34,No
800750,alto,medio_bajo,bajo,medio_alto,medio,medio_alto,alto,medio_bajo,medio_bajo,bajo,medio_bajo,36,56,30,70,85,75,15,85,56,73,50,76,No
800751,bajo,bajo,alto,medio_alto,medio_bajo,medio_alto,medio_alto,medio_bajo,medio_bajo,medio_bajo,medio,70,47,70,30,54,34,45,45,46,34,65,35,No
800752,medio,medio_alto,medio,medio_alto,medio_bajo,bajo,medio_bajo,alto,medio,medio_alto,medio_bajo,68,30,49,30,36,49,15,74,85,80,72,70,No
800753,bajo,alto,medio_bajo,medio_alto,alto,bajo,medio,alto,bajo,alto,medio,70,70,57,43,24,77,85,15,45,15,12,15,No
800754,medio_alto,medio_bajo,bajo,alto,alto,medio_alto,bajo,medio_bajo,medio_alto,bajo,medio_alto,30,34,70,66,85,23,67,53,43,85,2,85,No
800755,medio_alto,medio_bajo,medio_alto,bajo,medio,medio,medio_bajo,alto,medio_alto,bajo,medio_alto,70,70,33,39,82,15,83,73,77,39,46,58,No
800756,medio,medio_bajo,medio_alto,bajo,medio_bajo,medio,medio_bajo,medio,medio_bajo,medio_alto,medio_bajo,47,50,30,69,81,39,15,15,15,85,69,15,No
800757,alto,alto,medio_alto,medio_alto,medio,alto,bajo,bajo,bajo,alto,bajo,70,70,30,34,77,33,77,85,70,85,90,18,No
800758,medio_alto,bajo,medio,medio_alto,medio,bajo,medio_alto,medio_bajo,alto,alto,medio_alto,56,70,30,30,23,61,50,38,84,72,1,15,No
800759,bajo,alto,bajo,medio,medio_alto,medio_bajo,medio_bajo,bajo,medio_alto,medio,medio_bajo,50,70,70,70,79,30,15,66,50,56,12,50,No
800760,medio,medio_alto,medio_bajo,bajo,bajo,alto,bajo,bajo,medio_alto,medio_alto,alto,57,43,33,36,15,85,48,67,78,57,52,74,No
800761,medio,bajo,bajo,medio_alto,alto,alto,medio_bajo,medio,medio,bajo,bajo,44,70,55,61,85,23,82,72,85,85,25,29,No
800762,alto,medio_bajo,medio,bajo,medio_alto,medio_alto,medio,medio,bajo,bajo,medio_alto,52,38,30,65,69,56,53,85,84,85,35,85,No
800763,medio,bajo,medio_bajo,alto,medio_alto,medio_alto,alto,bajo,alto,medio_bajo,medio,30,30,30,30,84,15,85,85,79,61,31,61,No
800764,medio_alto,medio,medio_alto,medio,medio_bajo,medio_alto,medio_bajo,medio,medio_bajo,alto,medio_alto,30,30,30,70,59,64,85,65,85,68,49,20,No
800765,alto,medio_alto,bajo,medio,medio_alto,medio_bajo,medio_bajo,medio_alto,bajo,medio_bajo,alto,53,63,70,69,15,39,82,46,73,32,96,85,No
800766,medio,bajo,medio,bajo,medio_bajo,medio,medio_alto,medio_alto,bajo,medio_alto,bajo,70,46,70,30,85,73,15,85,34,61,99,59,No
800767,bajo,medio,bajo,medio_alto,alto,medio_alto,medio_alto,medio_bajo,alto,medio,medio_bajo,70,43,70,49,16,47,80,85,15,85,86,68,No
800768,bajo,medio,medio,medio_bajo,medio_alto,bajo,medio,medio_alto,medio_alto,medio_alto,alto,30,70,30,70,80,85,40,64,84,85,70,33,No
800769,alto,medio_alto,medio,alto,bajo,bajo,medio_alto,medio_bajo,medio_bajo,alto,bajo,70,32,30,30,30,20,81,23,85,15,99,85,No
800770,bajo,medio_bajo,medio_alto,alto,bajo,bajo,bajo,medio_alto,medio_bajo,medio_alto,medio,64,48,41,30,43,84,85,71,15,38,3,85,No
800771,medio,alto,bajo,medio_alto,medio_bajo,medio_bajo,bajo,medio,alto,medio_bajo,medio,35,30,70,70,75,85,38,59,85,15,77,45,No
800772,medio_alto,medio,alto,medio,bajo,medio_alto,medio_bajo,medio_bajo,bajo,bajo,bajo,30,70,30,64,82,64,85,15,46,59,87,33,No
800773,medio,medio_alto,bajo,medio_bajo,medio,medio_bajo,medio_alto,medio,medio,medio,medio_alto,70,30,30,70,15,61,85,21,39,84,15,77,No
800774,bajo,medio_bajo,medio,medio_bajo,medio_alto,medio,medio,medio,bajo,medio_bajo,medio_alto,70,70,46,54,15,57,15,85,23,85,28,85,No
800775,medio_bajo,bajo,bajo,medio_alto,medio,medio,bajo,medio,medio_alto,medio_bajo,medio,30,62,30,37,52,69,85,43,45,40,53,15,No
800776,alto,medio,medio,medio,alto,medio_alto,medio_alto,medio_bajo,alto,medio,alto,70,69,49,70,15,72,85,80,80,71,44,54,No
800777,medio,alto,medio_bajo,alto,medio_alto,alto,bajo,alto,medio_alto,medio_bajo,bajo,35,70,30,30,85,15,49,72,16,18,48,54,Yes
800778,medio_alto,medio_bajo,alto,medio,bajo,medio,bajo,alto,medio,bajo,alto,70,50,30,70,85,85,49,60,85,21,34,31,No
800779,medio_bajo,medio,medio_alto,medio_alto,medio,medio,medio_alto,medio_bajo,alto,bajo,medio,52,70,41,30,85,80,76,85,27,82,40,51,No
800780,alto,medio_bajo,medio,medio_bajo,bajo,medio_bajo,medio_bajo,bajo,alto,bajo,medio_bajo,70,61,70,30,15,53,85,85,62,76,28,15,No
800781,medio_alto,alto,medio_bajo,medio,bajo,medio,alto,medio_bajo,medio,medio_bajo,medio,70,41,70,41,47,51,41,70,85,46,99,15,No
800782,alto,medio_alto,medio_alto,medio_bajo,medio_bajo,alto,medio_bajo,medio_alto,medio,bajo,alto,70,30,70,30,38,33,85,33,65,70,32,54,No
800783,medio,bajo,medio_alto,medio,medio_alto,bajo,alto,alto,medio_alto,alto,alto,70,51,70,43,85,68,80,15,37,35,22,78,No
800784,bajo,bajo,medio_bajo,bajo,medio_bajo,medio,bajo,medio_alto,medio_alto,medio_bajo,medio_alto,45,57,30,55,41,85,15,75,49,15,98,38,No
800785,medio,alto,bajo,alto,medio_bajo,bajo,bajo,bajo,medio,medio_alto,bajo,30,70,33,70,72,83,15,85,37,32,13,23,No
800786,alto,medio_bajo,bajo,medio_bajo,medio_alto,bajo,medio_alto,bajo,bajo,medio,medio_bajo,32,43,30,30,67,46,15,55,67,41,60,85,No
800787,bajo,alto,medio_bajo,medio_bajo,medio,medio_alto,medio_bajo,alto,alto,medio_alto,bajo,70,30,51,70,85,15,83,44,53,27,33,59,No
800788,medio_alto,medio_alto,medio_bajo,alto,medio_bajo,alto,alto,medio_bajo,alto,alto,medio,70,41,38,30,15,15,57,49,15,37,90,41,No
800789,medio,bajo,medio_bajo,medio_bajo,medio_alto,medio_alto,medio_bajo,bajo,bajo,alto,medio_alto,30,70,30,55,59,62,85,42,15,82,71,53,No
800790,medio,medio,bajo,medio_bajo,alto,medio_bajo,alto,bajo,medio_bajo,medio,medio_alto,41,70,32,30,40,60,74,77,32,85,41,55,No
800791,medio_alto,medio_alto,alto,medio_alto,alto,alto,medio_bajo,alto,medio_alto,alto,alto,30,57,30,47,85,63,15,85,85,21,78,15,No
800792,medio_bajo,medio,medio_bajo,medio_bajo,alto,bajo,alto,bajo,medio_alto,medio,bajo,54,58,69,70,82,85,15,20,40,20,68,77,No
800793,alto,medio,medio,bajo,alto,medio_bajo,alto,alto,medio_bajo,medio_bajo,alto,30,45,70,70,45,85,50,85,24,85,96,70,No
800794,bajo,medio_alto,alto,medio,medio_bajo,medio_bajo,alto,medio,alto,medio,medio,70,70,70,70,47,15,55,29,22,27,43,54,Yes
800795,medio,medio_bajo,medio,medio,medio,bajo,medio_bajo,medio_alto,medio,medio,bajo,30,45,34,30,49,50,81,15,74,66,13,37,No
800796,medio,medio_bajo,medio_alto,medio_alto,medio_bajo,medio,medio,bajo,bajo,bajo,medio,30,58,70,30,66,70,85,15,15,30,91,85,No
800797,bajo,medio_alto,medio,medio_alto,medio_alto,medio_bajo,medio_alto,bajo,bajo,alto,medio_alto,30,69,56,70,85,36,16,78,85,15,41,21,No
800798,alto,alto,bajo,medio_alto,bajo,medio_alto,medio_alto,medio_bajo,alto,bajo,medio,70,70,42,34,36,85,45,26,16,52,80,85,No
800799,medio,bajo,medio_alto,medio_alto,medio_alto,bajo,medio_bajo,bajo,alto,medio_alto,medio_bajo,60,70,61,70,85,42,33,39,22,57,32,48,No
800800,medio_bajo,medio_alto,medio,bajo,alto,medio_bajo,bajo,alto,medio,bajo,bajo,70,31,43,43,71,47,21,71,84,15,32,15,No
800801,medio,medio_bajo,medio_bajo,bajo,bajo,medio,medio_bajo,medio,medio_bajo,medio,medio_alto,70,30,51,70,85,62,42,59,23,68,70,74,No
800802,medio,alto,medio_alto,medio_bajo,alto,medio_bajo,medio,alto,medio_alto,medio,medio_bajo,70,70,70,67,50,53,85,27,48,16,46,60,No
800803,bajo,medio_bajo,medio_bajo,bajo,medio_bajo,alto,medio_alto,bajo,medio_alto,alto,alto,64,70,62,31,65,38,26,85,15,32,30,85,No
800804,medio_bajo,medio,medio_alto,alto,medio_alto,medio,medio_alto,medio,medio,medio,medio_alto,30,70,30,70,15,19,85,15,85,15,75,61,No
800805,medio_bajo,bajo,bajo,bajo,medio_bajo,medio_alto,alto,medio_alto,alto,medio_alto,medio,30,70,44,30,15,30,85,83,69,72,64,15,No
800806,bajo,medio_bajo,medio_alto,medio,bajo,medio_alto,medio_bajo,medio_bajo,medio,alto,bajo,70,70,70,40,44,85,43,80,15,79,22,15,No
800807,medio,alto,medio,alto,medio_alto,bajo,medio_alto,medio_alto,medio,medio_bajo,medio_bajo,30,30,30,70,37,78,15,15,66,85,2,64,No
800808,medio_bajo,bajo,medio_bajo,bajo,medio_alto,bajo,medio,medio_bajo,medio_bajo,medio_alto,medio_alto,30,70,31,30,68,77,36,85,67,15,45,32,No
800809,medio,medio_bajo,medio_bajo,bajo,medio_bajo,bajo,medio_alto,alto,medio_alto,bajo,medio_bajo,70,70,30,44,25,85,63,50,85,43,97,15,No
800810,alto,alto,medio,medio_bajo,medio_bajo,alto,bajo,alto,medio,medio_bajo,bajo,67,30,31,70,43,85,34,85,42,58,49,28,No
800811,medio_alto,medio_bajo,medio_alto,medio_bajo,medio_bajo,alto,alto,medio_bajo,medio_bajo,medio_alto,medio_bajo,44,34,70,30,31,85,85,15,56,24,97,15,Yes
800812,medio_bajo,medio,alto,bajo,medio,medio,medio,medio,medio,alto,medio,68,30,30,60,80,15,15,51,15,64,2,15,No
800813,medio_alto,medio_bajo,alto,bajo,medio_bajo,medio_bajo,medio,bajo,alto,alto,medio,30,54,70,30,85,57,85,28,15,53,40,64,No
800814,medio,medio_alto,medio_bajo,bajo,medio_alto,medio,medio_alto,bajo,medio,medio,bajo,30,30,40,70,58,49,43,84,44,53,81,15,No
800815,alto,alto,medio_alto,medio_bajo,alto,alto,medio_bajo,medio,bajo,medio,alto,48,30,70,63,53,15,75,30,45,29,75,85,Yes
800816,medio,bajo,medio_bajo,alto,medio,alto,medio_alto,bajo,medio_bajo,medio,bajo,33,43,35,70,15,28,47,55,18,15,26,70,No
800817,medio,medio_bajo,medio_alto,alto,bajo,medio,medio,bajo,alto,alto,medio,70,39,30,42,85,27,35,71,85,74,95,43,Yes
800818,medio,medio,bajo,medio_bajo,medio,medio,medio_bajo,medio,medio_alto,bajo,medio,68,70,59,30,47,23,69,31,34,32,31,26,No
800819,medio,medio_alto,alto,medio_bajo,alto,medio,bajo,medio_alto,bajo,medio,medio_alto,60,70,70,62,85,15,85,76,15,68,40,85,No
800820,alto,medio_bajo,medio_bajo,bajo,bajo,alto,medio_bajo,medio,bajo,bajo,bajo,70,66,70,50,59,15,18,41,69,42,50,15,No
800821,bajo,medio_bajo,bajo,alto,bajo,alto,alto,alto,bajo,medio_alto,bajo,34,57,33,70,15,78,42,73,54,15,10,30,No
800822,bajo,medio_bajo,medio_alto,bajo,medio,alto,medio,bajo,medio_bajo,medio_alto,medio_alto,37,30,30,70,27,15,65,72,65,15,78,56,No
800823,alto,medio_alto,bajo,medio_alto,medio,medio_alto,medio,medio_alto,bajo,alto,medio,39,70,30,30,18,85,15,15,73,47,22,32,Yes
800824,medio_alto,bajo,bajo,medio_bajo,alto,medio_alto,medio_alto,bajo,medio,bajo,alto,44,44,30,70,57,84,85,15,15,85,77,85,No
800825,alto,medio,medio_alto,medio,medio_alto,medio_alto,alto,alto,bajo,medio_bajo,alto,50,70,59,40,72,69,75,51,85,85,16,85,No
800826,medio_bajo,medio_alto,medio,alto,medio_alto,alto,bajo,medio_alto,medio,medio_alto,alto,54,40,70,62,85,85,16,15,79,85,38,15,No
800827,medio,medio,bajo,alto,medio,bajo,medio_alto,bajo,medio,bajo,medio_bajo,69,57,30,52,51,19,15,15,43,69,82,74,No
800828,medio_bajo,bajo,medio,medio_alto,alto,medio_bajo,medio_bajo,medio_bajo,bajo,bajo,bajo,30,48,30,63,15,85,85,82,29,49,85,15,No
800829,medio_alto,alto,medio_bajo,alto,medio_alto,medio_alto,bajo,bajo,medio,medio_bajo,medio_alto,55,70,62,70,85,22,15,15,15,81,91,15,No
800830,medio,medio_alto,medio,medio_alto,medio,medio_alto,medio_bajo,alto,medio_bajo,alto,medio,40,70,70,30,60,80,35,46,42,15,96,30,No
800831,bajo,medio_alto,alto,medio_bajo,medio_alto,medio_alto,medio_alto,medio_bajo,bajo,medio_alto,alto,30,30,30,30,33,50,68,84,68,81,86,53,No
800832,medio_bajo,medio_bajo,medio,medio_alto,medio_alto,medio_alto,medio_alto,bajo,alto,alto,medio,43,30,30,70,36,24,66,69,30,85,38,42,No
800833,medio_alto,medio,alto,medio_alto,medio,medio,medio_bajo,bajo,medio_bajo,medio_alto,alto,30,70,33,53,32,42,50,30,85,85,21,51,Yes
800834,medio,medio,medio_alto,medio,alto,alto,medio,bajo,medio,medio_bajo,alto,30,30,30,70,40,27,60,54,15,15,4,85,No
800835,medio_bajo,medio_bajo,medio_bajo,medio_alto,medio_bajo,medio_bajo,alto,medio_bajo,medio,medio,bajo,65,30,58,30,45,68,42,15,68,85,83,85,No
800836,bajo,medio_alto,alto,medio_bajo,medio_alto,medio_alto,bajo,medio_bajo,medio,medio_bajo,alto,65,30,30,30,59,32,19,15,30,20,28,73,No
800837,medio_alto,alto,bajo,medio_alto,bajo,medio_alto,bajo,medio,medio_bajo,medio_bajo,medio_alto,30,64,70,70,16,58,55,26,15,75,64,55,No
800838,medio_alto,medio_bajo,alto,medio_alto,medio_bajo,bajo,alto,medio,alto,bajo,medio_bajo,70,31,49,70,85,55,21,15,29,85,62,23,No
800839,medio_alto,medio_alto,medio_bajo,medio,medio_alto,medio,alto,medio_bajo,medio,medio_alto,alto,30,70,70,70,40,73,67,78,56,17,73,77,No
800840,medio_bajo,alto,bajo,medio,medio,medio,alto,bajo,medio,medio_alto,medio_bajo,30,65,30,30,80,83,32,21,27,56,51,67,Yes
800841,medio_alto,alto,medio_alto,bajo,medio,medio_alto,medio_bajo,medio_alto,medio_alto,medio_bajo,bajo,70,70,30,57,66,85,49,42,15,38,44,55,No
800842,medio_bajo,medio,medio_alto,medio_alto,medio_alto,bajo,bajo,medio_alto,bajo,alto,alto,37,70,30,70,64,65,56,23,36,81,55,67,No
800843,bajo,bajo,medio_bajo,medio_bajo,medio_alto,bajo,medio_bajo,bajo,alto,medio_alto,medio,56,70,54,30,25,70,15,38,15,15,20,15,No
800844,alto,bajo,medio_bajo,medio_alto,bajo,bajo,bajo,bajo,medio,bajo,alto,30,70,58,30,85,21,31,85,77,15,54,15,No
800845,alto,bajo,medio,medio_alto,medio_bajo,bajo,bajo,alto,alto,medio_alto,medio_bajo,30,30,55,30,57,31,58,61,46,15,88,85,No
800846,medio_bajo,medio,bajo,medio,medio,medio,bajo,alto,medio_alto,medio_alto,medio_alto,69,59,35,44,35,45,26,64,84,84,25,73,No
800847,medio,bajo,medio_bajo,medio_bajo,alto,medio_bajo,alto,bajo,bajo,medio,alto,58,30,67,30,15,51,85,81,61,42,88,34,No
800848,medio_bajo,medio,medio_alto,bajo,bajo,medio_alto,bajo,medio_alto,medio,medio,bajo,70,53,30,70,85,19,44,46,62,39,3,85,No
800849,bajo,alto,alto,alto,alto,bajo,medio,medio_alto,medio_bajo,medio,medio,54,48,49,62,15,66,43,41,15,65,3,85,No
800850,alto,medio_alto,bajo,medio_bajo,medio,medio_alto,medio_bajo,medio_alto,medio_bajo,medio_alto,medio_alto,61,30,70,70,15,28,75,39,15,85,92,15,No
800851,medio_alto,medio_alto,medio_alto,medio_bajo,medio,bajo,medio,medio_bajo,alto,alto,medio_alto,58,30,31,35,24,66,62,79,20,36,70,85,Yes
800852,bajo,medio,bajo,medio,alto,medio,alto,bajo,bajo,medio_bajo,medio_bajo,70,33,30,70,85,62,18,45,56,18,43,33,No
800853,alto,bajo,bajo,medio_alto,medio_bajo,medio_alto,bajo,medio,medio_bajo,medio_alto,alto,47,70,48,36,85,30,85,24,15,44,28,33,No
800854,medio,medio,medio_bajo,medio_bajo,alto,bajo,medio_alto,medio,bajo,alto,medio_alto,42,30,45,70,85,85,29,15,74,15,92,15,No
800855,bajo,medio_alto,bajo,medio,medio,medio_bajo,bajo,medio,medio,alto,medio_alto,68,62,51,70,37,36,31,22,15,66,57,15,No
800856,medio_bajo,medio_bajo,medio_alto,bajo,medio_alto,alto,bajo,medio_alto,bajo,medio_alto,medio_bajo,30,57,30,30,85,48,22,84,63,69,85,50,No
800857,alto,medio,bajo,medio,medio_bajo,alto,medio_bajo,medio,medio,bajo,medio_alto,59,70,30,43,71,25,17,55,85,39,88,15,No
800858,medio_bajo,medio_bajo,medio,alto,medio_bajo,medio_alto,medio_bajo,alto,medio,medio,medio,30,32,66,70,15,20,15,38,19,15,20,59,No
800859,medio,bajo,alto,medio_bajo,medio_alto,bajo,bajo,medio_bajo,medio_alto,bajo,medio,30,30,52,55,16,15,47,53,77,85,7,27,No
800860,medio_alto,bajo,medio_alto,medio_alto,alto,bajo,medio_bajo,alto,alto,medio,bajo,32,69,30,43,70,71,80,85,69,54,1,48,No
800861,medio,alto,bajo,medio_alto,medio_bajo,bajo,medio_bajo,alto,alto,medio_bajo,bajo,30,70,70,70,46,68,85,15,50,39,40,36,No
800862,bajo,alto,medio_alto,alto,medio,alto,bajo,bajo,bajo,medio_bajo,medio,30,70,30,70,78,61,19,55,15,17,96,83,No
800863,medio_bajo,medio_alto,medio_alto,bajo,alto,medio_bajo,medio,medio_alto,alto,medio_alto,alto,64,70,57,70,15,77,74,45,85,73,70,29,No
800864,medio_alto,medio,bajo,alto,bajo,alto,medio,medio,medio,medio_bajo,alto,30,56,30,70,15,64,85,34,36,85,86,81,No
800865,bajo,medio_bajo,medio_alto,bajo,medio,medio_bajo,medio_alto,alto,medio_alto,medio,medio_alto,31,30,32,70,16,60,40,60,70,15,95,51,No
800866,bajo,bajo,medio,medio_bajo,medio_alto,bajo,bajo,bajo,medio,medio,bajo,70,70,70,69,85,80,51,32,40,23,93,85,No
800867,medio_alto,medio_bajo,medio,medio,medio,bajo,medio_bajo,medio_alto,medio_bajo,medio_bajo,medio_bajo,41,65,65,30,15,46,62,72,43,74,72,43,No
800868,medio_alto,bajo,medio_alto,bajo,alto,bajo,bajo,bajo,medio_bajo,medio_alto,medio_bajo,58,50,44,70,61,70,54,85,17,85,80,85,No
800869,medio_bajo,alto,medio,medio_alto,medio_alto,medio,alto,medio,alto,alto,medio_alto,68,30,37,30,85,15,78,15,48,41,53,15,Yes
800870,medio,alto,bajo,medio_bajo,bajo,medio_bajo,alto,bajo,alto,bajo,medio,70,65,30,70,85,15,15,85,85,15,29,66,No
800871,medio_alto,bajo,alto,medio,medio_alto,bajo,medio,bajo,alto,bajo,medio,70,34,30,70,85,39,19,49,79,41,9,85,No
800872,medio_bajo,medio_alto,alto,alto,medio_alto,medio,medio,medio,medio_alto,alto,bajo,70,30,56,32,50,53,15,40,68,47,2,38,No
800873,medio_alto,bajo,bajo,bajo,medio,medio,medio_alto,medio,medio,medio_bajo,medio_alto,48,30,41,30,27,84,35,72,36,37,88,24,No
800874,medio,bajo,medio_alto,medio_bajo,medio_alto,bajo,medio_bajo,alto,alto,medio_alto,alto,30,64,30,43,57,28,85,37,25,17,30,80,No
800875,medio,alto,alto,alto,bajo,bajo,alto,alto,medio,medio_alto,alto,32,35,30,59,71,85,16,26,15,20,14,22,No
800876,medio,medio_alto,medio_alto,bajo,bajo,bajo,medio_alto,medio_alto,alto,medio_alto,medio_bajo,51,30,43,58,20,62,25,85,55,85,31,41,No
800877,medio,bajo,medio,medio_bajo,medio,medio_alto,bajo,bajo,medio,medio_alto,bajo,30,33,30,45,19,31,85,67,66,33,77,15,No
800878,medio_alto,medio,medio,medio_alto,bajo,medio,bajo,bajo,alto,bajo,alto,30,43,70,45,15,52,59,47,60,15,86,85,No
800879,medio_alto,bajo,medio_bajo,medio,bajo,medio_bajo,medio_bajo,bajo,bajo,medio_alto,medio_bajo,37,30,30,30,47,52,85,61,15,25,65,83,No
800880,medio_alto,bajo,alto,alto,medio,alto,medio_bajo,medio,medio,medio_bajo,medio,60,30,60,46,85,54,62,65,55,15,24,31,No
800881,bajo,medio_bajo,bajo,bajo,medio_bajo,bajo,medio,bajo,medio_alto,medio_alto,bajo,70,70,30,70,42,78,63,85,85,73,13,80,No
800882,medio_alto,medio_bajo,bajo,alto,medio_bajo,medio_bajo,medio_bajo,medio_bajo,medio,alto,alto,30,30,70,30,75,15,62,15,26,55,75,15,Yes
800883,bajo,medio_bajo,alto,medio_bajo,medio_bajo,medio_alto,alto,alto,medio_alto,medio_bajo,bajo,70,49,35,58,20,85,17,85,85,68,28,54,No
800884,alto,alto,alto,medio,alto,medio_alto,medio_alto,medio,medio_bajo,alto,bajo,63,30,42,30,46,55,50,32,30,38,93,85,No
800885,alto,medio,medio,medio_bajo,bajo,medio_alto,alto,alto,medio_bajo,medio_bajo,bajo,53,59,30,70,44,85,53,85,80,85,9,78,No
800886,medio_alto,bajo,medio_bajo,medio_alto,alto,medio_bajo,alto,medio_bajo,bajo,medio,alto,70,70,59,70,15,15,42,84,37,33,81,24,Yes
800887,medio,medio,medio_alto,medio_bajo,bajo,medio_bajo,alto,medio_alto,alto,bajo,medio_alto,66,43,43,60,74,45,20,15,85,28,28,48,Yes
800888,medio,medio_bajo,medio,medio_alto,medio,alto,bajo,bajo,medio_alto,medio_bajo,bajo,59,33,63,34,32,85,40,85,67,47,24,85,No
800889,bajo,medio_alto,medio,medio,alto,medio,alto,medio,medio_bajo,alto,alto,49,61,67,70,26,29,15,53,57,68,44,85,No
800890,alto,medio_alto,alto,medio,bajo,medio_bajo,alto,bajo,medio_alto,medio_alto,bajo,60,30,55,30,85,85,71,64,67,18,72,28,No
800891,medio,bajo,medio,medio_alto,alto,medio,bajo,alto,bajo,medio_bajo,medio_alto,70,70,70,70,85,85,68,85,81,79,53,71,No
800892,alto,medio_bajo,medio,bajo,bajo,medio,medio_bajo,alto,medio,alto,medio,34,48,70,30,37,59,33,85,15,17,86,43,No
800893,medio,medio_alto,bajo,medio_bajo,bajo,bajo,medio,bajo,alto,medio_bajo,medio,46,65,54,70,32,60,73,22,85,15,42,62,No
800894,medio_alto,medio_bajo,medio,medio_bajo,medio_alto,medio,medio,medio,medio_bajo,bajo,bajo,37,30,70,47,15,15,50,41,15,15,40,55,No
800895,medio_alto,medio,alto,medio_bajo,alto,medio_bajo,medio_alto,alto,bajo,bajo,alto,70,30,41,30,76,85,84,66,85,34,51,52,Yes
800896,alto,medio,medio_alto,medio_alto,medio_alto,bajo,alto,medio,medio_alto,alto,medio_alto,70,68,30,68,64,62,77,79,15,15,39,37,No
800897,medio,medio_bajo,medio_alto,bajo,medio_bajo,bajo,medio,medio_alto,medio_bajo,bajo,medio_alto,47,70,30,35,50,41,74,85,78,15,36,51,No
800898,medio,bajo,medio_alto,bajo,medio,alto,bajo,medio_alto,alto,bajo,medio_alto,70,51,30,30,85,19,85,30,15,72,52,48,No
800899,medio_alto,medio_bajo,medio_bajo,medio_bajo,alto,medio,medio,medio,medio_bajo,medio_bajo,medio,70,30,30,38,37,85,23,85,48,45,48,28,No
800900,bajo,bajo,medio_alto,medio_bajo,medio_bajo,bajo,medio,medio_bajo,alto,bajo,bajo,70,30,30,70,15,53,35,52,47,15,57,15,No
800901,medio_alto,alto,medio_alto,bajo,medio,alto,medio_bajo,medio,medio_bajo,medio_bajo,medio_bajo,70,30,42,70,18,35,52,76,44,38,9,50,No
800902,bajo,medio_bajo,alto,medio_alto,alto,medio_bajo,bajo,medio_bajo,medio_bajo,medio_alto,alto,43,68,30,70,24,69,41,85,85,64,38,23,Yes
800903,medio,medio_bajo,medio,medio_bajo,bajo,alto,alto,bajo,medio_bajo,medio_bajo,alto,66,63,30,30,24,80,36,60,33,41,76,46,No
800904,alto,bajo,medio_bajo,medio_bajo,alto,bajo,medio,bajo,medio_alto,medio_alto,medio_bajo,30,30,47,70,15,39,15,66,85,83,72,85,No
800905,medio_alto,medio,alto,bajo,alto,alto,medio,alto,medio_alto,medio,medio,70,38,70,30,85,15,21,15,83,41,72,60,No
800906,medio,alto,medio_alto,medio_bajo,alto,medio,bajo,alto,medio_bajo,medio,bajo,43,30,30,47,33,29,15,69,39,83,92,22,No
800907,alto,alto,bajo,alto,medio,medio_bajo,alto,medio,alto,bajo,bajo,70,70,34,70,42,74,53,15,52,85,57,75,Yes
800908,medio,medio,alto,medio_alto,medio,bajo,medio,medio_alto,alto,medio_alto,bajo,48,55,30,30,23,53,85,61,15,35,79,17,No
800909,medio_alto,medio,bajo,medio_alto,medio_bajo,alto,medio,alto,bajo,alto,alto,57,30,70,30,74,15,85,74,56,85,2,85,No
800910,medio_bajo,alto,bajo,medio,bajo,bajo,medio_bajo,alto,medio,alto,bajo,70,30,35,70,85,15,34,41,65,73,70,85,No
800911,medio_alto,alto,bajo,medio,medio,alto,medio_alto,medio_bajo,alto,alto,medio_bajo,53,42,35,70,15,42,57,15,36,19,96,80,No
800912,alto,medio_bajo,bajo,medio_alto,bajo,alto,alto,alto,alto,bajo,medio,38,70,30,68,63,59,15,47,85,85,33,49,No
800913,alto,bajo,bajo,medio_bajo,alto,medio,medio_bajo,medio,medio,medio,medio_bajo,38,58,66,70,15,63,38,17,75,15,3,83,No
800914,medio_bajo,medio_alto,medio_alto,bajo,medio_bajo,medio_alto,medio,medio_alto,medio_bajo,alto,medio,51,70,70,45,30,84,33,69,83,73,96,85,No
800915,medio,bajo,medio_bajo,medio_alto,medio_alto,medio,alto,alto,medio_bajo,medio,alto,70,70,70,30,15,15,78,50,38,72,34,25,No
800916,medio,medio_bajo,alto,alto,bajo,medio,medio,alto,medio_bajo,medio_alto,medio_alto,63,30,70,40,41,64,17,68,85,56,61,20,No
800917,bajo,medio,bajo,alto,alto,bajo,bajo,bajo,medio,medio_bajo,medio_bajo,54,30,70,43,70,66,33,84,30,15,80,39,No
800918,bajo,medio_alto,alto,medio_bajo,bajo,alto,bajo,medio_bajo,alto,medio_bajo,alto,33,42,30,70,15,55,60,85,15,44,62,62,No
800919,medio,medio_bajo,bajo,medio,medio,medio,medio,medio_alto,medio,medio,alto,30,49,70,57,57,85,15,85,62,50,80,45,Yes
800920,medio_alto,alto,alto,medio,bajo,medio_bajo,bajo,bajo,medio,medio_alto,alto,30,48,56,30,53,55,15,75,78,38,94,85,Yes
800921,medio_bajo,alto,bajo,medio_alto,bajo,alto,medio_alto,medio,alto,alto,alto,30,32,45,30,85,51,16,29,47,63,57,60,No
800922,medio_bajo,medio,bajo,medio_alto,medio_bajo,alto,bajo,medio_bajo,medio_alto,medio,medio_bajo,30,47,41,30,85,15,55,85,61,15,95,15,No
800923,bajo,medio_alto,medio_alto,medio_alto,medio,alto,medio_bajo,bajo,bajo,bajo,alto,70,30,44,70,71,83,85,33,85,57,20,18,No
800924,bajo,medio,medio_bajo,bajo,medio_bajo,medio_bajo,medio_bajo,alto,alto,medio_bajo,medio_bajo,30,44,30,30,67,15,79,32,17,38,98,15,No
800925,medio,alto,medio_bajo,alto,medio,medio_alto,medio,alto,medio_alto,medio_bajo,medio,53,70,30,30,72,52,53,47,30,55,40,74,No
800926,medio,medio_bajo,medio_alto,medio_bajo,medio,medio_bajo,medio_bajo,medio_alto,medio_bajo,alto,medio_alto,64,30,70,38,20,27,69,85,33,58,82,15,No
800927,medio_alto,medio,alto,bajo,bajo,bajo,medio_bajo,medio_alto,medio,medio,bajo,69,70,70,36,48,85,85,15,53,47,78,24,No
800928,medio,medio_alto,medio,medio_bajo,medio_bajo,alto,medio_alto,alto,alto,medio_alto,bajo,48,30,33,30,34,85,61,30,29,15,32,50,No
800929,medio,alto,alto,medio_bajo,medio_alto,bajo,alto,bajo,alto,alto,medio,30,30,70,70,15,20,23,40,31,85,88,42,No
800930,alto,medio,medio_alto,medio,medio_alto,medio_alto,medio,medio_alto,medio_alto,medio_alto,medio,66,30,30,70,15,82,84,84,66,85,54,23,Yes
800931,medio,medio,medio_alto,alto,medio,medio,alto,medio_alto,medio,medio_alto,medio,30,70,52,30,66,15,15,84,18,76,32,26,Yes
800932,bajo,bajo,medio_bajo,bajo,medio,medio,bajo,medio_alto,medio,medio_alto,medio_bajo,68,70,70,41,68,69,68,81,85,83,91,72,No
800933,medio_bajo,medio_alto,medio_alto,bajo,medio,alto,medio_alto,medio_alto,medio_alto,alto,medio_bajo,70,30,65,70,34,45,84,19,67,61,12,71,No
800934,medio,medio_alto,medio_alto,bajo,alto,bajo,medio_alto,medio,medio_bajo,alto,bajo,58,30,51,51,15,15,15,78,74,41,96,85,No
800935,alto,bajo,bajo,medio,bajo,medio_alto,medio,medio_bajo,medio_alto,alto,bajo,41,70,70,33,22,85,85,28,17,47,72,85,No
800936,bajo,bajo,bajo,medio_bajo,medio_alto,alto,alto,bajo,medio,medio,medio_alto,47,30,69,30,16,41,40,15,15,71,63,49,No
800937,medio,medio_alto,medio_bajo,medio,alto,medio_bajo,bajo,medio_bajo,alto,bajo,medio_alto,30,30,48,70,85,24,85,60,63,28,78,20,No
800938,medio_bajo,alto,alto,medio_alto,medio_bajo,medio_alto,medio,medio_bajo,bajo,medio,medio,30,36,56,61,30,81,38,85,85,65,73,43,No
800939,bajo,medio_alto,medio,medio_alto,medio,medio_bajo,medio,medio,medio,alto,medio,67,41,37,36,52,48,32,35,70,15,90,35,Yes
800940,medio,medio_alto,bajo,bajo,medio_alto,alto,medio,bajo,bajo,medio_alto,medio_bajo,39,56,63,47,85,82,15,21,53,65,66,25,No
800941,bajo,alto,alto,alto,medio_bajo,medio,alto,medio_bajo,medio,bajo,alto,56,70,70,70,49,15,85,35,49,85,77,59,No
800942,medio,medio_bajo,bajo,alto,medio,bajo,medio,alto,medio_bajo,medio_bajo,alto,30,40,43,30,17,32,15,52,36,33,56,51,No
800943,medio,medio_alto,medio_alto,medio_bajo,medio_alto,bajo,alto,medio_alto,medio,bajo,medio_alto,70,70,35,70,59,43,85,15,85,22,71,15,No
800944,alto,alto,medio,medio_bajo,medio,bajo,bajo,medio_bajo,bajo,medio,medio,30,70,70,70,85,85,85,85,78,15,80,15,No
800945,medio,medio,medio,medio,medio_bajo,medio_alto,medio_bajo,bajo,medio,bajo,bajo,33,70,30,70,76,25,37,51,16,15,15,85,No
800946,alto,medio_bajo,medio_bajo,medio,medio,medio_alto,medio,medio_alto,medio,alto,bajo,68,70,69,30,85,53,77,85,85,21,27,81,No
800947,medio,medio_bajo,medio_bajo,medio_bajo,medio,alto,alto,alto,medio_alto,medio_alto,medio_alto,51,30,39,70,19,85,85,31,59,29,20,36,No
800948,alto,medio,medio,alto,bajo,medio,bajo,alto,alto,alto,medio,70,30,35,44,44,76,26,85,15,45,63,60,No
800949,medio,medio_bajo,bajo,medio_alto,medio_bajo,alto,medio_bajo,medio_alto,bajo,alto,medio,44,70,32,70,85,16,52,41,85,36,40,75,No
800950,medio_bajo,medio_bajo,alto,bajo,medio_bajo,medio,medio_bajo,bajo,medio_alto,medio_bajo,bajo,70,30,30,30,23,85,55,34,64,85,30,38,No
800951,medio_bajo,alto,medio_alto,medio_bajo,medio_alto,medio,medio_alto,medio_bajo,medio_bajo,medio_bajo,bajo,30,70,60,70,85,17,54,77,15,15,34,62,No
800952,medio_alto,bajo,medio_alto,alto,bajo,alto,medio_alto,alto,medio_bajo,bajo,medio_bajo,64,30,70,70,85,22,76,85,49,22,3,85,No
800953,medio_alto,medio,medio_bajo,bajo,medio_alto,alto,medio,medio,alto,medio_bajo,medio,70,43,70,51,85,85,15,60,85,16,42,66,No
800954,medio_alto,medio_bajo,medio,medio,medio_bajo,medio_bajo,bajo,medio_bajo,alto,medio,medio_bajo,52,49,30,36,15,77,23,85,85,45,59,35,No
800955,medio_bajo,alto,medio,bajo,medio_alto,bajo,bajo,medio_alto,medio,medio_alto,bajo,34,30,35,70,49,67,85,64,30,47,13,20,No
800956,alto,medio,medio_bajo,medio,medio_bajo,alto,medio_bajo,bajo,medio,bajo,alto,66,30,30,70,71,30,53,15,62,85,25,44,No
800957,medio,bajo,medio_alto,medio,medio,medio_bajo,medio_bajo,medio,bajo,medio_alto,medio,70,57,38,63,76,36,45,15,15,15,11,71,No
800958,medio,alto,medio_alto,medio,medio_alto,alto,bajo,alto,bajo,bajo,alto,38,47,31,70,85,39,15,84,27,49,3,76,No
800959,medio,alto,medio_alto,medio_bajo,medio_bajo,medio,medio_alto,bajo,alto,medio_alto,medio,30,70,30,39,51,19,67,85,85,52,47,32,No
800960,alto,medio,alto,medio_alto,alto,medio_bajo,medio_alto,alto,medio_bajo,medio,medio,45,70,30,70,26,56,65,45,15,15,14,85,No
800961,medio_bajo,medio_bajo,alto,alto,medio,medio_bajo,medio_bajo,medio_alto,medio_bajo,medio_alto,medio,51,70,30,70,33,31,61,77,65,65,10,63,No
800962,bajo,bajo,bajo,medio,alto,bajo,medio_alto,medio,medio_bajo,alto,medio,70,62,42,46,30,18,19,53,31,34,56,30,No
800963,alto,medio_bajo,medio,medio_bajo,medio_alto,alto,alto,medio_bajo,medio,medio_alto,medio_alto,39,37,46,30,15,54,85,15,58,15,50,39,No
800964,alto,bajo,bajo,bajo,medio_alto,medio_bajo,alto,medio_bajo,bajo,medio,bajo,52,59,30,70,68,66,15,79,40,28,58,15,No
800965,alto,medio_alto,medio,medio,medio_bajo,medio_bajo,medio_alto,alto,medio,medio,bajo,70,66,70,42,65,15,53,72,85,77,73,85,Yes
800966,bajo,medio,medio,bajo,medio_alto,medio,medio_alto,alto,alto,medio,alto,30,30,70,32,29,54,15,77,77,20,22,77,No
800967,medio,medio_alto,medio_alto,alto,bajo,medio_bajo,medio_alto,medio_bajo,medio,medio_bajo,alto,30,30,30,54,84,37,85,16,85,19,63,15,Yes
800968,medio,bajo,alto,medio,medio,bajo,alto,bajo,medio_bajo,medio_alto,medio_bajo,33,48,70,30,67,85,56,58,42,32,68,30,No
800969,medio,alto,medio,medio,medio_bajo,alto,bajo,alto,medio_bajo,medio_alto,medio_bajo,30,70,41,70,15,15,85,15,80,85,36,33,No
800970,bajo,medio_alto,bajo,medio,alto,alto,medio,bajo,alto,medio,medio_bajo,66,62,30,70,50,19,71,24,23,40,17,85,No
800971,medio,medio,bajo,medio,alto,medio_bajo,medio_bajo,bajo,medio_alto,alto,medio_bajo,70,49,30,30,79,69,23,60,43,20,21,32,No
800972,medio,bajo,medio_alto,medio_bajo,medio,medio_bajo,bajo,medio_alto,bajo,alto,alto,65,30,70,60,72,75,70,50,46,47,11,33,No
800973,alto,alto,bajo,medio_alto,alto,medio_alto,medio,bajo,alto,alto,medio_alto,30,30,31,30,78,75,85,21,25,27,78,26,No
800974,medio,alto,bajo,medio,medio_bajo,bajo,alto,medio,medio_bajo,bajo,medio_bajo,70,30,30,30,53,64,59,29,63,15,93,80,No
800975,medio,medio_bajo,medio,medio,alto,bajo,medio_alto,medio_bajo,medio_bajo,medio_bajo,medio_alto,70,70,31,30,24,76,82,84,28,70,100,26,No
800976,medio_bajo,bajo,alto,medio,medio_bajo,medio_alto,alto,bajo,alto,alto,alto,30,70,30,30,39,71,85,58,28,34,93,67,No
800977,medio_bajo,alto,alto,alto,medio_bajo,medio_bajo,bajo,medio_bajo,bajo,medio_alto,medio_bajo,30,70,70,70,70,46,66,44,63,78,34,80,No
800978,medio,medio_bajo,medio_bajo,medio_bajo,bajo,bajo,medio,bajo,medio_alto,medio_bajo,alto,30,56,64,64,85,55,61,15,24,40,64,15,No
800979,medio,medio_alto,bajo,alto,alto,bajo,medio_bajo,medio_bajo,medio_alto,medio_alto,medio_alto,30,30,61,70,85,85,23,15,20,71,85,63,No
800980,medio,medio_bajo,alto,medio_bajo,alto,bajo,medio_alto,medio_alto,bajo,alto,alto,70,70,30,45,15,15,39,15,34,36,51,85,No
800981,medio,bajo,medio,medio,medio_alto,medio_alto,medio_alto,medio,medio,bajo,medio_bajo,70,50,56,30,39,85,66,15,53,85,94,15,No
800982,bajo,medio_alto,alto,medio,medio_bajo,bajo,medio_bajo,medio,medio_bajo,medio_bajo,alto,70,47,63,38,34,15,40,42,31,15,54,15,No
800983,alto,medio_bajo,alto,medio_bajo,medio,medio_bajo,medio_alto,medio,bajo,medio_alto,medio_bajo,70,70,37,30,43,79,15,15,37,35,17,51,No
800984,medio,alto,alto,medio_bajo,medio_alto,medio_alto,alto,bajo,bajo,medio,medio_alto,30,43,41,30,43,66,26,85,15,85,5,29,No
800985,medio_bajo,medio,medio_alto,alto,bajo,bajo,medio_bajo,alto,medio_bajo,bajo,medio_bajo,49,70,70,30,15,15,71,85,21,71,67,57,No
800986,medio,alto,bajo,medio,medio_alto,medio_bajo,medio_alto,medio_alto,medio,bajo,medio_alto,30,43,32,30,52,85,83,85,44,85,26,23,No
800987,medio,medio_bajo,medio,bajo,medio,medio_bajo,alto,medio_alto,medio_bajo,medio_alto,bajo,30,70,65,70,49,15,58,32,43,26,39,64,No
800988,bajo,medio_alto,alto,alto,alto,medio_bajo,medio,medio_bajo,alto,medio,medio_bajo,30,51,70,30,45,15,85,15,72,85,52,77,No
800989,medio,medio,alto,bajo,medio_bajo,alto,medio_bajo,bajo,alto,medio_alto,alto,70,54,66,56,16,63,22,63,49,84,29,53,No
800990,medio_bajo,medio,medio_alto,medio_alto,bajo,medio_alto,alto,medio,medio_alto,medio,medio_alto,70,35,53,59,62,51,42,48,15,42,63,66,No
800991,medio,medio_bajo,bajo,medio_alto,bajo,medio_alto,medio_alto,medio,alto,medio_alto,medio_alto,57,70,38,30,50,75,69,54,53,85,28,85,No
800992,alto,bajo,medio_alto,alto,medio_bajo,medio,bajo,medio,medio,alto,medio_bajo,70,66,30,70,63,15,27,74,65,25,2,35,No
800993,bajo,alto,medio_alto,medio_alto,medio_alto,medio,bajo,bajo,medio_bajo,medio,medio_bajo,70,70,30,70,82,27,27,82,31,67,97,83,No
800994,medio,bajo,medio,bajo,medio,medio_bajo,medio_bajo,medio,medio,medio,medio_bajo,70,67,51,70,15,49,70,85,71,15,82,85,No
800995,medio,bajo,medio_alto,alto,alto,medio,medio_alto,medio_bajo,alto,medio_alto,medio_alto,70,30,39,36,54,85,34,81,80,37,31,57,Yes
800996,medio_alto,medio_bajo,medio_bajo,medio_alto,alto,medio_bajo,bajo,medio_bajo,medio,alto,medio_alto,30,70,45,65,15,64,35,67,63,56,9,85,No
800997,medio_alto,alto,medio_bajo,medio_alto,medio_alto,bajo,medio_alto,medio_alto,medio,alto,medio_alto,42,63,30,66,64,15,41,22,20,60,37,43,No
800998,alto,medio_alto,medio,medio_alto,medio_alto,medio_bajo,medio,alto,bajo,alto,alto,30,41,45,53,85,33,15,76,31,26,14,85,No
800999,medio,medio_alto,alto,alto,alto,medio,medio_alto,medio_bajo,bajo,medio_alto,alto,30,30,30,53,62,18,62,85,85,15,81,28,No
